Title,URL,Thumbnail,Score,Upvote Ratio,Comments Count,Author,Created At,Tags
 Dad made me buy 2 BTC instead of iPhone 6s in 2016... thank you forever,https://whatifbitcoin.org/share?value=870&date=2016-04-12,https://b.thumbs.redditmedia.com/BeItsmjjEo0dFTcsLnls19IU3wYhfHSyf2h0Hoi7TSk.jpg,1358,0.93,134,elitebookie,1732550531.0,MAD
MicroStrategy acquires more crypto for $5.4 billion.,https://www.theblock.co/post/328046/microstrategy-55500-btc?utm_source=telegram1&utm_medium=social,,362,0.94,93,Extreme_Nectarine_29,1732543408.0,
Why do people like to long the top with high leverage so much ? ,https://cryptdd.com/news/why-do-people-like-to-long-the-top-with-high-leverage-so-much/,https://a.thumbs.redditmedia.com/LD43_tbuAtHWrrLESZ7nbRE71aXikJA3YG3txjTleX0.jpg,34,0.96,6,runyoufreak,1732530857.0,WHY
"Patience is Key, Kendu Inu is here for the long-term.",https://www.reddit.com/r/altcoin/comments/1gz8rkc/patience_is_key_kendu_inu_is_here_for_the_longterm/,,28,0.94,33,RegardedQt314,1732502722.0,"Bitcoin, Ethereum, Dai, Mina, ORDI, Memecoin, Amp, Ark, DIA, WHY, Kin, MON, Diamond, Kendu Inu, UNI"
"$BUENO - We dont gamble, we WORK",https://www.reddit.com/r/altcoin/comments/1gzhhms/bueno_we_dont_gamble_we_work/,,5,0.86,6,bdlig,1732536971.0,"Solana, Gala, JUST, Blast, DIA, Ren, Kin, MON, Diamond, Stratos, UNI"
Stay away from KuCoin,https://www.reddit.com/r/CryptoMarkets/comments/1gzktuz/stay_away_from_kucoin/,,11,0.83,18,SkyScreamer_,1732546974.0,"Render, Safe, JUST, DIA, Ren, Kin, MON"
Mythical Games and Fifa Team Up to Bring New Football Arcade Game ‚ÄòFifa Rivals‚Äô to Mobile Users Worldwide,https://thedefiant.io/news/press-releases/mythical-games-and-fifa-team-up-to-bring-new-football-arcade-game-fifa-rivals-to-mobile-users-worldwide,https://b.thumbs.redditmedia.com/e1J1IhH6Id6wTUN1JyOm6MnUqwXvAyykh4xA_k2Qrxw.jpg,17,0.91,5,absurdcriminality,1732534142.0,ARC
55000 bitcoin bought by Michael,https://i.redd.it/92gns9zsq13e1.jpeg,https://b.thumbs.redditmedia.com/rgn2wuNUqAd9kHXlwNMxRZOQ34DVxSe9wlOA3SmlWFQ.jpg,1420,0.98,245,leafydutchman,1732539956.0,Bitcoin
"Why Bitcoin's Rally Is Stalling Below $100,000 ",https://www.benzinga.com/markets/cryptocurrency/24/11/42163156/why-bitcoins-rally-is-stalling-below-100000,https://b.thumbs.redditmedia.com/-L0Ml48MmzVohe_SEzaY444eipCfycPINdEAyq96uEY.jpg,190,0.84,131,Abdeliq,1732545117.0,"Bitcoin, WHY"
Bitcoin right now üòÇ,https://i.redd.it/s639py2cg13e1.png,https://b.thumbs.redditmedia.com/SzdATkgEObv7i2UKk69mlHt75_OyxMqSmyvbbw2V9GE.jpg,1136,0.95,55,BullBitcoin_,1732536457.0,Bitcoin
"MicroStrategy Makes Largest-Ever Bitcoin Buy, Adding $5.4 Billion Worth",https://decrypt.co/293440/microstrategy-buys-5-4-billion-bitcoin,https://a.thumbs.redditmedia.com/0uqk3lp9m47HRPjQDMuO7EWz1DOifLUZL1vbj_fqB88.jpg,119,0.94,30,Bear-Bull-Pig,1732546495.0,Bitcoin
"Pocket Network Integrates with XRPL EVM Sidechain: Enhancing DePIN, DeFi, and AI Capabilities
",/r/DePINside/comments/1gzjljf/pocket_network_integrates_with_xrpl_evm_sidechain/,https://b.thumbs.redditmedia.com/05zbMzx7p6Qz2A2vvwtPSDw281egjBiv1CHbi-Nl5Zc.jpg,1,1.0,0,BryanDoreian,1732546459.0,"XRP, Pocket Network"
Why do people like to long the top with high leverage so much ? ,https://cryptdd.com/news/why-do-people-like-to-long-the-top-with-high-leverage-so-much/,https://a.thumbs.redditmedia.com/LD43_tbuAtHWrrLESZ7nbRE71aXikJA3YG3txjTleX0.jpg,143,0.93,58,runyoufreak,1732540431.0,WHY
"Just over two years ago the most expensive Reddit Collectible Avatar sale occurred for 30 ETH, an equivalent of 2.1 BTC at the time of the sale - a $206,000 mistake today. ",https://i.redd.it/p5bx1u24yy2e1.png,https://a.thumbs.redditmedia.com/R-iqKh_2SWN2QA5ee8WaUzwP_6RrEyQXcM2PupK5k84.jpg,543,0.91,172,GabeSter,1732506569.0,"JUST, AVA"
Sell it for what?,https://i.redd.it/ss7s8rwpb13e1.jpeg,https://b.thumbs.redditmedia.com/ULx2fMB5LL_vVJcmLKIbUHir4foWpjdyAntXEjlxQXw.jpg,663,0.99,50,BitCypher84,1732534885.0,
"Hey honey, now that #Bitcoin is at 100k, can we sell a little to take holidays in the Bahamas?
",https://i.redd.it/ntatiqdnf13e1.png,https://b.thumbs.redditmedia.com/sao4RrHcsCdQPfrjIyvPF87A7eQN1jLqove3AIVAWEU.jpg,595,0.96,30,BullBitcoin_,1732536258.0,Bitcoin
Satoshi Nakamoto's Bitcoin Holdings Estimated to Exceed $108 Billion,https://www.binance.com/en/square/post/11-24-2024-satoshi-nakamoto-s-bitcoin-holdings-estimated-to-exceed-108-billion-16656808901306,https://b.thumbs.redditmedia.com/RwgnP3OfgZSufqAjURD9RjK7EOhxIP--5r3HqXl0q1g.jpg,114,0.88,26,hiorea,1732536439.0,"Bitcoin, Toshi"
Where to buy crypto before it is available on mainstream sites,https://www.reddit.com/r/CryptoMarkets/comments/1gzd73v/where_to_buy_crypto_before_it_is_available_on/,,14,0.68,36,No-Win4261,1732518590.0,"Avail, Usual, AVA, Kin"
"My Wallet Just Arrived But My Bitcoin Is Too Big, idk What To Do",https://i.redd.it/uknivc0bu03e1.jpeg,https://b.thumbs.redditmedia.com/0IR_E1qJcu4zx_BLIlVbHpSWV7W1JK9PPUOjUQWLxFs.jpg,770,0.93,81,Onidu,1732529028.0,"Bitcoin, JUST"
Ripple Announces First Tokenized Money Market Fund on the XRPL with Archax & abrdn,/r/DigitalAssets/comments/1gzjrtp/ripple_announces_first_tokenized_money_market/,,2,0.63,0,max-avery,1732544228.0,"XRP, Ark, ARC, MON"
Hong Kong's Top Digital Bank Launches Crypto Trading,https://coinscreed.com/hong-kongs-digital-bank-launch-crypto-trading.html,https://b.thumbs.redditmedia.com/FZweJLuQokEbCrsYedig94AhRpxQedTGSWpx_3RsQns.jpg,123,0.96,19,DaRunningdead,1732528240.0,
"El Salvador toys with renting 170 volcanoes to Bitcoin miners, aims to disrupt industry",https://cryptoslate.com/el-salvador-toys-with-renting-170-volcanoes-to-bitcoin-miners-aims-to-disrupt-industry/,https://a.thumbs.redditmedia.com/uxD_QSFjTUx-fF5QS1kgZ9_P7bOiEe7WCNz8GqCa_N8.jpg,42,0.91,9,Odd-Radio-8500,1732547615.0,"Bitcoin, Ren"
The Big Long,https://i.redd.it/m4g7fef7423e1.jpeg,https://a.thumbs.redditmedia.com/dOB0WQVM8VHqU6XVagAzTUlJP3udzCI_FlrSfIMmin8.jpg,239,0.96,31,BitCypher84,1732544473.0,
"If you make money in an alt rally, TAKE PROFIT",https://www.reddit.com/r/CryptoCurrency/comments/1gz2rkb/if_you_make_money_in_an_alt_rally_take_profit/,https://b.thumbs.redditmedia.com/rf-uTw5JRAq5mIz7wat3wF_gBWxclnbrJukUxJYjh-U.jpg,920,0.88,414,GabeSter,1732485549.0,"Cardano, Ren, MON"
"Bitcoin could soon be used as ""collateral"" for loans in traditional finance. This is already possible in decentralized finance, but it would be huge if it became the case with banks and traditional management companies.",https://i.redd.it/3k7owwnltz2e1.jpeg,https://b.thumbs.redditmedia.com/WWnmNIOT-Gz_qm2R8Oja4JOv63KMpx1wxLGTAMPFRrY.jpg,9,0.76,3,sylsau,1732516818.0,Bitcoin
"A good site for crypto trading for someone based in NY, which is not Coinbase",https://www.reddit.com/r/CryptoMarkets/comments/1gzj4k5/a_good_site_for_crypto_trading_for_someone_based/,,2,0.75,4,xMitch4corex,1732542264.0,
Is it worth it to invest in Cardano right now at the $1? Is Cardano (ADA) going to hold the $1 and trend upward? ,https://www.reddit.com/r/CryptoMarkets/comments/1gzo5aa/is_it_worth_it_to_invest_in_cardano_right_now_at/,,0,0.44,5,Sad_Instance3853,1732555061.0,"Cardano, Ren, MAD"
#1,https://i.redd.it/ygwv8luo323e1.png,https://b.thumbs.redditmedia.com/yCvhgz_UzZjwI7-AMsjRap3r-yVibLrQxqtsdAYvyss.jpg,193,0.96,11,EzBotLobby69,1732544290.0,
Timing for enter in Altcoins ,https://www.reddit.com/r/CryptoMarkets/comments/1gzntc0/timing_for_enter_in_altcoins/,,0,0.5,2,PotentialPossible359,1732554353.0,"XRP, Amp, MON"
üïµÔ∏è‚Äç‚ôÇÔ∏è New Theory by BTCparser: Who Might Be the Real Satoshi? Answering the Question of Why He Never Touched His 2009 Bitcoins!üîç,https://btcparser.com/index.php?p0=2009,,0,0.4,1,sylsau,1732553806.0,"Bitcoin, Toshi, WHY"
Purchased 30k+ XLM in April Sold November days before it popped!,https://www.reddit.com/gallery/1gz19r6,https://b.thumbs.redditmedia.com/yAZ_yYbvVa_7j0TB2CH04xU2300calPBOr7mXGY-0Nk.jpg,833,0.93,274,cryptoking87,1732481678.0,SATS
"The contradictory anti-crypto argument: ""Nobody is gonna use crypto because it's useless and doesn't work....but at the same time it's great for criminals because it's cheap and easy for them to transfer money around the world without a bank or anything blocking their transactions"". ",https://www.reddit.com/r/CryptoCurrency/comments/1gznu7e/the_contradictory_anticrypto_argument_nobody_is/,,19,0.85,9,fan_of_hakiksexydays,1732554414.0,"Bitcoin, Mina, JUST, Nano, Wen, NYM, Ren, Kin, PAID, MON"
Study: 76% of Twitter Influencers Promote Dead Memecoins,https://coinwire.com/76-percent-twitter-influencers-promote-dead-memecoins-study/,https://b.thumbs.redditmedia.com/rrcvLsKuEizQaMULaHADXCvcI31s_2oYvumMdyLeHuM.jpg,125,0.93,38,Shiratori-3,1732514910.0,"Memecoin, Prom, ARC, Fluence, MON"
"Daily Discussion Megathread - November 25, 2024 (GMT+0)",https://www.reddit.com/r/CryptoMarkets/comments/1gzh7zv/daily_discussion_megathread_november_25_2024_gmt0/,,2,0.75,0,daily-thread,1732536031.0,"Dai, GMT, Ark"
"Have been a chump saying ‚Äòits too late‚Äô since 2016, finally bought my first BTC yesterday, I‚Äôm in for the long haul, never selling until I absolutely need to. And will put in more every week!",https://i.redd.it/u2bi4r64903e1.jpeg,https://b.thumbs.redditmedia.com/ttpknjLLWskMgOzBibkj9eI-BdS-VTPJmUyumnHB8JI.jpg,463,0.95,122,mushbee1,1732521901.0,
Where do people find new crypto projects?,https://www.reddit.com/r/CryptoMarkets/comments/1gzlcqb/where_do_people_find_new_crypto_projects/,,1,0.57,12,LarryTheYoutuber,1732548339.0,
We are this early guys,https://i.redd.it/bvjy7qmau23e1.jpeg,https://a.thumbs.redditmedia.com/j8LXuRk3Sil59S89vgvzFA72Wfae3kqDiLWJ7dZL0I0.jpg,84,0.94,13,Miladran,1732553266.0,
Semler Scientific Expands Bitcoin Holdings with $30 Million Purchase,https://cryptodnes.bg/en/semler-scientific-expands-bitcoin-holdings-with-30-million-purchase/,https://b.thumbs.redditmedia.com/fGq_iWLcxrf8JYNa656bK2L2yY4VmR5Wm4pyNrT9obc.jpg,22,0.89,7,hiorea,1732547776.0,Bitcoin
Bitcoin's Surge to New Highs Pushes Crypto Inflows to Record $3.12 Billion,https://beincrypto.com/bitcoin-new-highs-drives-crypto-inflows/,https://b.thumbs.redditmedia.com/0yiIARgpw8HiwNY9I1LBiXRTSAhkAbrphwZH850DGWg.jpg,18,0.84,9,InclineDumbbellPress,1732550288.0,"Bitcoin, Flow"
When will every BTC be mined?,https://www.reddit.com/r/CryptoMarkets/comments/1gz2z3g/when_will_every_btc_be_mined/,,23,0.71,42,MelonOmar,1732486085.0,Ark
How should a beginner start trading?,https://www.reddit.com/r/CryptoMarkets/comments/1gzkfs8/how_should_a_beginner_start_trading/,,1,0.6,8,No_Blackberry_9549,1732545957.0,"JUST, MAD, Kin"
Retail Arriving,https://www.reddit.com/r/CryptoMarkets/comments/1gzjnao/retail_arriving/,,1,0.6,2,Illustrious-Fee9626,1732543768.0,Ark
Do I really need a crypto wallet in canada?,https://www.reddit.com/r/CryptoMarkets/comments/1gzaw5d/do_i_really_need_a_crypto_wallet_in_canada/,,5,1.0,14,Affectionate-One-713,1732509843.0,"JUST, WHY"
Can anyone relate,https://www.reddit.com/r/CryptoMarkets/comments/1gz66is/can_anyone_relate/,,10,0.78,32,Upperhanded_Moose,1732494925.0,"PAID, MON"
NEW:700 students learning about Bitcoin in Indonesia üßë‚Äçüéì üôå,https://v.redd.it/nei3d3bbt13e1,"https://external-preview.redd.it/OHdxN3o0YmJ0MTNlMUYjxZkJVezoBauLwDjjNF2kgMqko-vltZmAynemuoWs.png?width=140&height=105&crop=140:105,smart&format=jpg&v=enabled&lthumb=true&s=19c0f7772843b88bd03f53c74aa4ed4b56b2b0d6",110,0.97,14,Jem_colley,1732540815.0,"Bitcoin, Dent"
Bitcoin Network Flows Surge: Huge Influx of Capital Observed Recently,https://i.redd.it/73b0drqykw2e1.jpeg,https://a.thumbs.redditmedia.com/un31px6RJQgitpSu25pykN8rZo-xs-BCTGmXKaqxMe8.jpg,291,0.96,46,InclineDumbbellPress,1732486751.0,"Bitcoin, Flow, Flux"
Why Apple CEO Tim Cooks Holds Bitcoin But Apple is Skeptical,https://coinstats.app/news/aff47b92006c282264b554183db75ed2a272e486cf5a04b49d0efaa03eb7bce8_Why-Tim-Cooks-Holds-Bitcoin-But-Apple-is-Skeptical/,https://b.thumbs.redditmedia.com/m-iH7I3A01o4nkiifpcN7-qpXcHSz2WS4YiVVTP9zDY.jpg,62,0.93,20,Funnyurolith61,1732549107.0,"Bitcoin, WHY"
About KDA Market cap ,https://www.reddit.com/r/CryptoMarkets/comments/1gzhhjv/about_kda_market_cap/,,1,0.67,0,nobody-093,1732536963.0,Ark
Joining Crypto Communities,https://www.reddit.com/r/CryptoMarkets/comments/1gz8btw/joining_crypto_communities/,,6,0.88,1,Antique_Childhood718,1732501321.0,"JUST, ARC, UNI"
Best Alts in the Market Right Now ,https://www.reddit.com/r/CryptoMarkets/comments/1gyxi7x/best_alts_in_the_market_right_now/,,26,0.69,157,beautyinred,1732472166.0,"XRP, Cardano, Avalanche, TRON, Stellar, Sui, Uniswap, Artificial Superintelligence Alliance, Injective, The Graph, JUST, SKALE, Ark, Prom, Stella, AVA, Kin, UNI"
How currency has evolved throughout history. We know what comes next.,https://v.redd.it/3scdznt8d23e1,"https://external-preview.redd.it/NDFsOWxvdDhkMjNlMZ_XjJkeBB4xRtBZPiBOTZ9-Qjsvx1I5zAAVjZoxR2Gt.png?width=140&height=140&crop=140:140,smart&format=jpg&v=enabled&lthumb=true&s=7110a66a2ec48eb99f8105da60514f2a2e210727",62,0.88,17,Jem_colley,1732547511.0,Ren
What strategy works?,https://www.reddit.com/r/CryptoMarkets/comments/1gzh19i/what_strategy_works/,,1,0.6,6,Regular_Welcome_9173,1732535318.0,
How accurate liquidation map is?,https://www.reddit.com/r/CryptoMarkets/comments/1gzgsb8/how_accurate_liquidation_map_is/,,1,0.6,0,szain01,1732534344.0,"IQ, Ark"
El-Salvador‚Äôs Nayib Bukele fancies the idea of 'Renting Volcanoes' to mine Bitcoin,https://www.reddit.com/r/CryptoCurrency/comments/1gzfupd/elsalvadors_nayib_bukele_fancies_the_idea_of/,,26,0.82,12,WineMakerBg,1732530460.0,"Bitcoin, Dent, Ren"
Time to roll this one out for the newbs. Welcome! üòÇ,https://i.redd.it/2tusairb6w2e1.jpeg,https://b.thumbs.redditmedia.com/tsTN0uPdbzpMPFFeZHFyiglHjAenVLL37N662XAzxGs.jpg,2491,0.99,46,Background_Home7092,1732472556.0,
Is it possible to trade futures on chain?,https://www.reddit.com/r/CryptoMarkets/comments/1gzg4to/is_it_possible_to_trade_futures_on_chain/,,1,0.67,0,observerc,1732531680.0,"Solana, Uniswap, Ultima, UNI"
Tether mints an additional $3 billion in USDt stablecoins,https://cointelegraph.com/news/tether-mints-additional-3-billion-usdt-stablecoins,https://a.thumbs.redditmedia.com/fq0PhYDWg0vTTPCVcnthB0gORvRhos0w9-iS4YXfEK0.jpg,244,0.95,83,partymsl,1732484100.0,
Remember buy at 100k and sell at the first dip.,https://i.redd.it/liqsd17cx23e1.jpeg,https://b.thumbs.redditmedia.com/0EKBdbhMgThZfsDoRDl7BkPpIpIBx8Cdu7lrEJKQO-Y.jpg,31,0.82,9,EyeYamSoStewPeed,1732554260.0,
Does anyone mine meme coins in Human App?,https://www.reddit.com/r/CryptoMarkets/comments/1gzff72/does_anyone_mine_meme_coins_in_human_app/,,1,0.67,0,mynamestancred,1732528646.0,"Solana, UMA"
Cardano's Charles Hoskinson vows legal action over Wyoming stablecoin snub,https://cryptoslate.com/cardanos-charles-hoskinson-vows-legal-action-over-wyoming-stablecoin-snub/,https://b.thumbs.redditmedia.com/WISjloxNLAeGU4Bo2g4mZYwZP3POzybSW5vNrz0Whpc.jpg,12,0.65,24,KIG45,1732538124.0,"Cardano, Kin"
Why tf did I just buy $420.69 more Bitcoin?,https://i.redd.it/7f12kxscj23e1.jpeg,https://b.thumbs.redditmedia.com/TjKsfOCVm0ypk4PR3BDYQ6J_lbZ1EKZUj61UASSJElA.jpg,37,0.74,19,skeetskeetamirite,1732549558.0,"Bitcoin, JUST, IQ, Ark, WHY, MON"
Breaking 100K be like ,https://v.redd.it/wzof1inexu2e1,"https://external-preview.redd.it/NW52a2RicGV4dTJlMfYr_tKSwXqtJgU60PXSjYwXKZ75XWJjaxqk6gxdQbzg.png?width=140&height=130&crop=140:130,smart&format=jpg&v=enabled&lthumb=true&s=73ef1b19d435542cfe186bb4cd4e57ae590d59b1",4297,0.99,81,TempleofXin,1732457485.0,Kin
"I spent about $16,000 on altcoins in 2021. Here is where I am now",https://www.reddit.com/r/CryptoMarkets/comments/1gyihy7/i_spent_about_16000_on_altcoins_in_2021_here_is/,,213,0.88,159,gastropod11,1732421745.0,"Ankr, JUST, UMA, Ren, MAD, MATH"
When even your cat is telling you about Bitcoin,https://i.redd.it/wx3ahab8dz2e1.jpeg,https://b.thumbs.redditmedia.com/BbTClkH5f0SU7Iro6ZaJWMkyIyvPATfJ_5Js8AvYKus.jpg,252,0.96,2,StatementPristine381,1732511177.0,Bitcoin
"Bitcoin on cold wallet, send it to CEX or try to sale through DEX and how?",https://www.reddit.com/r/CryptoMarkets/comments/1gz7jpp/bitcoin_on_cold_wallet_send_it_to_cex_or_try_to/,,5,0.78,1,Staxu9900,1732498920.0,"Bitcoin, Safe, SafePal, JUST, XPLA, ARC, Kin"
Tether in Talks to Support Cantor Fitzgerald‚Äôs Planned Bitcoin Lending Program: WSJ,https://coinstats.app/news/da6723c62a4c4c0a2d580e540829f9d6b222bb49c823a1452c2eb0aec074a32d_Tether-in-Talks-to-Support-Cantor-Fitzgerald%E2%80%99s-Planned-Bitcoin-Lending-Program%3A-WSJ/,https://b.thumbs.redditmedia.com/UYa8vloGFIRtW7DZS8RNjEkrJ6xuPPe9ter2EqllxSI.jpg,6,0.87,3,Funnyurolith61,1732549288.0,Bitcoin
"It's Still Early! DCA, Hodl and Trust The Process! üíéüôå",https://i.redd.it/litkmtt8z03e1.png,https://b.thumbs.redditmedia.com/O5Xa337l7OXg_OsAGNsuM7L5VZ-QihJ5zF_k0GLHA_Q.jpg,83,0.94,2,thelegend13x,1732530689.0,
"Marathon Digital Expands Bitcoin Holdings with 5,771 BTC Purchase",https://bitcoinnews.com/adoption/marathon-digital-5771-btc-purchase/,https://a.thumbs.redditmedia.com/wyHmb-vcSuaXWXo3R3tk2LgI2AWFtEgVGl3YtrlYqv4.jpg,36,0.93,1,No-Comparison-9307,1732546284.0,Bitcoin
Suriname the next Bitcoin Nation? Crypto inspires Parbhoe to fight corruption,https://cointelegraph.com/news/suriname-bitcoin-crypto-parbhoe-corruption?utm_source=rss_feed&utm_medium=rss&utm_campaign=rss_partner_inbound,https://a.thumbs.redditmedia.com/MA2JXk-7C2GXrX2UeF7wLn9dD6EgtaSaWtNgq4Vpf58.jpg,7,0.81,5,KIG45,1732548483.0,Bitcoin
100k Tomorrow!! yoiu heard it here first!,https://i.redd.it/ug6i9y6qyx2e1.png,https://b.thumbs.redditmedia.com/EqUbKsEf4Ft9B7drthjyDM2ug5d320lS6KnEPmPqMss.jpg,491,0.94,45,adamw0776,1732494195.0,
Best way to cashout fiat,https://www.reddit.com/r/CryptoMarkets/comments/1gzahym/best_way_to_cashout_fiat/,,2,0.75,1,boubou158,1732508443.0,"USDC, Kin"
"Nov 24, 2021. What a Statement. Hope You All Still Own Something for Real. ",https://i.redd.it/m5xf4vg2ov2e1.jpeg,https://b.thumbs.redditmedia.com/8HVCnhv55j22HYoslC-e2Df0p9fq66Jih2-R8InU6xU.jpg,375,0.73,275,WineMakerBg,1732466395.0,
"Ethereum Price Today Uptrend Slows Down When It Reaches The $3,400 Mark",https://cryptochamp.notion.site/Ethereum-Price-Today-Uptrend-Slows-Down-When-It-Reaches-The-3-400-Mark-149e7bb243f880da9d82dbce2171c127,https://b.thumbs.redditmedia.com/H2umwoSK9W0Kuo98UDHTkZHIpZmXfLUhsWEStemEwnA.jpg,27,0.7,8,Ok_Source4689,1732517184.0,"Ethereum, Ark, Ren"
XRP Price Hits 3-Year High At $1.6 - 2 Ways It Can Go From Here,https://www.newsbtc.com/news/xrp-price-reaches-3-year-high-at-1-6-2-ways-it-can-go-from-here/,https://b.thumbs.redditmedia.com/hPrhA2koY0pYfxSIQ5KM56NlkGd9HJXZGbrAt_-G1Lg.jpg,20,0.65,36,hiorea,1732522581.0,XRP
Top 10 Most Bullish Crypto Altcoins in 2024-25,https://www.thecomprehensivepost.com/2024/11/top-10-most-bullish-crypto-altcoins-in-2024-2025.html,https://b.thumbs.redditmedia.com/vEm95Kwg90z0M-OBVY1-HJVJSorj3IT1rDw5BG23b0A.jpg,1,0.6,0,vinodpandey7,1732521092.0,
"While you are scared, whales just bought $107 million worth of #Bitcoin üëÄ",https://i.redd.it/l8gt1u3tuv2e1.jpeg,https://a.thumbs.redditmedia.com/kjALeUOVC4_8KRxe5_mADAvXdLwnyPROfDNUVD8Cpp0.jpg,1671,0.97,203,Alert-Reveal5217,1732468661.0,"Bitcoin, JUST"
üî• Even Vitalik Called It: ZK-SNARKs Are Revolutionary - Here's Why Mina Protocol Is Leading The Charge,https://www.reddit.com/r/CryptoMarkets/comments/1gzd1we/even_vitalik_called_it_zksnarks_are_revolutionary/,,0,0.44,0,TemporaryCitron9271,1732518015.0,"Bitcoin, Ethereum, Mina, JUST, Status, Ark, WHY, Mode, Kin"
Ethereum Killers Are Rallying: Is Ether (ETH) $4K Still in the Cards?,https://cryptopotato.com/ethereum-killers-are-rallying-is-ether-eth-4k-still-in-the-cards/,https://b.thumbs.redditmedia.com/naOgf3MRgglAsU5lOQLAqHhD9fhmP4EHFmuOtYvDXWI.jpg,239,0.81,127,KIG45,1732470895.0,Ethereum
"ICYMI: üü† This is how Bitcoin-backed loans will take over the financial system by reducing the ""risk and volatility"" for pension plans.",https://v.redd.it/spzjlmgei23e1,"https://external-preview.redd.it/aGhpcDZtZ2VpMjNlMZpFJIScqiLUau6zV88yNYC1n1VC4NKJP9VexWl-yAZ_.png?width=140&height=78&crop=140:78,smart&format=jpg&v=enabled&lthumb=true&s=b823d34132e06c358e824bb212d20c6e4814754b",23,0.93,1,Jem_colley,1732549250.0,Bitcoin
never have a few beers and scroll coinbase like it‚Äôs reddit. .. ,https://www.reddit.com/r/CryptoCurrency/comments/1gyy0hz/never_have_a_few_beers_and_scroll_coinbase_like/,,198,0.8,136,sirCota,1732473495.0,"Bitcoin, Polkadot, Chainlink, Sui, Internet Computer, Polygon, Amp, JUST, Degen, Scroll, Spell Token, Aurora, XYO, Orchid, Ren, UNI"
"Can you imagine telling people just 2 months ago that in a few weeks +96k will be considered ""dumping"" BTC? What a wild November that was.",https://i.redd.it/iwlsntcbuw2e1.jpeg,https://b.thumbs.redditmedia.com/Tkv_YMUhc-oKrRC99Tb1A4cAqSEbZ-QJITieIPLyZ3o.jpg,704,0.97,59,JohnCena_770,1732480603.0,"JUST, MON"
One BTC is worth more than a kilogram of Gold,https://www.reddit.com/r/Bitcoin/comments/1gzgli2/one_btc_is_worth_more_than_a_kilogram_of_gold/,,44,0.85,12,DanielDanielsonG,1732533575.0,Ark
Take it easy ,https://i.redd.it/bdkp6xd9w13e1.jpeg,https://b.thumbs.redditmedia.com/7N5gJYphRIoGfUwpd78M1KaEBVJGPfKLUGs9VYptRik.jpg,30,0.84,2,Hajika12,1732541791.0,
Crypto platforms.,https://www.reddit.com/r/CryptoMarkets/comments/1gz301f/crypto_platforms/,,5,0.73,22,Peachesndoublecream,1732486154.0,
What crypto wallet do you recommend?,https://www.reddit.com/r/CryptoCurrency/comments/1gzgusl/what_crypto_wallet_do_you_recommend/,,7,0.67,59,Crevalco3,1732534625.0,"Safe, JUST, Coin98, XPLA, Ren, ARC"
"In case you missed it, a Warpcast user has created an AI agent that creates tokens with a single post/reply",https://www.reddit.com/r/CryptoCurrency/comments/1gzio2x/in_case_you_missed_it_a_warpcast_user_has_created/,,4,0.58,18,giddyup281,1732540892.0,"Uniswap, Wen, DIA, Request, NYM, Ren, UNI"
If you were to invest 2k a month in crypto would you only go with Bitcoin?,https://www.reddit.com/r/CryptoMarkets/comments/1gyjxnh/if_you_were_to_invest_2k_a_month_in_crypto_would/,,80,0.84,203,therealweebkiller,1732427000.0,"Bitcoin, XRP, JUST, Kin, MON"
Please help me make a decision,https://www.reddit.com/r/CryptoMarkets/comments/1gzbgpc/please_help_me_make_a_decision/,,0,0.5,2,BugWhispererr,1732511882.0,"Kusama, JUST, Ark, DIA, Kin, MON"
"Daily Crypto Discussion - November 25, 2024 (GMT+0)",https://www.reddit.com/r/CryptoCurrency/comments/1gz5geu/daily_crypto_discussion_november_25_2024_gmt0/,,56,0.89,1034,CryptoDaily-,1732492858.0,"TRON, Dai, GMT, JUST, Prom, WHY, Ren, ARC, MON, r/CryptoCurrency Moons"
"So, I bought BTC at $600‚Ä¶",https://www.reddit.com/r/Bitcoin/comments/1gywwl1/so_i_bought_btc_at_600/,,877,0.91,214,Imaginary-Bad1793,1732470663.0,"IQ, DIA, ARC, DIMO, SIX, MON"
Polkadot Blockchain Academy Announces PBA-X to School Next Wave of Web3 Professionals,https://thedefiant.io/news/press-releases/polkadot-blockchain-academy-announces-pba-x-to-school-next-wave-of-web3-professionals,https://b.thumbs.redditmedia.com/Wl-an8DstPoWqj9ZbyPSzTHqi1xAH39gbxRbiG4rVBs.jpg,42,0.94,5,Jugg_Inspector,1732439645.0,Polkadot
We're still early. ,https://www.reddit.com/r/CryptoCurrency/comments/1gz1wkc/were_still_early/,,89,0.76,50,sleepapneainvestor,1732483319.0,"JUST, Ark, DIA, Ren, Kin"
"Showing up to work Monday after thinking bitcoin was going to $100,000",https://i.redd.it/zc2ehy8qmv2e1.gif,https://b.thumbs.redditmedia.com/xP7-6rwA2HgKL06J5cIMR6PnGnm8jxfFZODMAcuiaIU.jpg,1051,0.99,14,mikeneedsadvice,1732465978.0,"Bitcoin, Kin, MON"
Pay taxes on stores crypto?,https://www.reddit.com/r/CryptoCurrency/comments/1gzo4qt/pay_taxes_on_stores_crypto/,,2,0.75,4,stinkyelbows,1732555022.0,"ORDI, DIA, Ren, PAID"
LMAO ,https://i.redd.it/9n3bb4abpw2e1.jpeg,https://b.thumbs.redditmedia.com/6EJ05wa3Ons7KvWmIrj9kFe8fAWaDxbUVDhs8qJp3jA.jpg,496,0.95,31,sporadicmoods,1732478920.0,
Trump‚Äôs Plans for a ‚ÄòCrypto Czar‚Äô and a Crypto Advisory Council: Here‚Äôs What We Know,https://unchainedcrypto.com/trumps-plans-for-a-crypto-czar-and-a-crypto-advisory-council-heres-what-we-know/,https://b.thumbs.redditmedia.com/ScIh2W5Lhg60F2RNJv_sxd33xS4Rf7kEeucCyyFlhYQ.jpg,330,0.9,64,hiorea,1732453358.0,
Best Bitcoin ETF? ,https://www.reddit.com/r/CryptoMarkets/comments/1gz9zce/best_bitcoin_etf/,,0,0.5,13,ProjectMcDavid,1732506658.0,Bitcoin
üêú What is this? A dip for ants?!?,https://www.reddit.com/r/Bitcoin/comments/1gyx55b/what_is_this_a_dip_for_ants/,,682,0.92,139,Necessary_Flounder_7,1732471271.0,"Bitcoin, SATS, Ren, Kin, MON"
My new running shirt ,https://i.redd.it/88vmlsu3bv2e1.jpeg,https://a.thumbs.redditmedia.com/Kr8nClwj7w1GogBM43lf3yAa_GJgUne7kv1FprqjEC0.jpg,1042,0.97,103,Bright_Sheepherder67,1732462037.0,
What are y‚Äôall using to track your crypto for taxes in the US?,https://www.reddit.com/r/CryptoCurrency/comments/1gz32yr/what_are_yall_using_to_track_your_crypto_for/,,56,0.82,92,ablonde_moment,1732486363.0,"ARC, MAD, Kin"
Can we really convince our past selves to buy Bitcoin when it was cheap?,https://i.redd.it/9k8neglyyz2e1.jpeg,https://b.thumbs.redditmedia.com/TZcllmA8Xm8WtpZjr5RVLXuWFEnHy-CrxIYlWvV0LBc.jpg,55,0.89,31,dualeone,1732518489.0,"Bitcoin, JUST, MAD, Kin"
Finally did it!,https://www.reddit.com/r/Bitcoin/comments/1gyun3n/finally_did_it/,,835,0.96,86,ConsequenceOwn7839,1732465090.0,"Ark, Ren, MAD, MON"
BTC vs Gold (Log Chart),https://i.redd.it/tp2yl06vu13e1.png,https://b.thumbs.redditmedia.com/0x2nXkaGaPvBKWyZmW6N2OWUEoib12OxVsTwncpqipw.jpg,17,0.8,4,Delicious-Use-8789,1732541322.0,Bitcoin
Would it be better to sell in DOT-BTC or DOT-USD?,https://www.reddit.com/r/CryptoMarkets/comments/1gz8xaq/would_it_be_better_to_sell_in_dotbtc_or_dotusd/,,0,0.4,5,loc710,1732503247.0,"JUST, Ark, XPLA, Kin, MON"
Time to flip the stock market,https://youtu.be/yesy5rYTCkY?si=FVjiE0AF4A9SF-PC,https://b.thumbs.redditmedia.com/Uqq6cIaXbdAC8JHYgAFlmFaclD-RRzkbvd7b0fLlgRw.jpg,2,0.75,0,Dramatic_Tour_9461,1732489282.0,Ark
are you the guy buying BTC now?,https://i.redd.it/8m3a9p0ois2e1.jpeg,https://b.thumbs.redditmedia.com/Mk8FSxFeMIqthmIHMf6krwj1pIP0baLValvfa2CKFiM.jpg,5302,0.98,416,rd__hacker,1732428299.0,
Why it is apparently not the bull run for altcoins yet ?,https://www.reddit.com/r/CryptoMarkets/comments/1gympu9/why_it_is_apparently_not_the_bull_run_for/,,24,0.73,56,Adorable_Ad_6402,1732438652.0,"XRP, JUST, WHY, Ren, ARC, Kin, MON"
Just chill,https://i.redd.it/ejpv0fdazx2e1.jpeg,https://b.thumbs.redditmedia.com/g9EXuZauhyZar9UxkMXqS7lJ9xiAZxN8_5moYWpI-nM.jpg,148,0.91,9,Hajika12,1732494382.0,JUST
"""If Bitcoin hits $100k by December 1, there will be no final""",https://v.redd.it/4bv13pf3xw2e1,"https://external-preview.redd.it/ejN2dnpuZDN4dzJlMWdjAzay9V7SDtlOFXkhCVM53kgeOebug02-_cc8nP2P.png?width=140&height=140&crop=140:140,smart&format=jpg&v=enabled&lthumb=true&s=43906d03e0243b25e88ba3acbd9d64bf18b9804f",281,0.97,26,icorefit,1732481540.0,Bitcoin
Crypto miners in Texas‚Äô ERCOT region are now required to report power demand,https://cointelegraph.com/news/bitcoin-miner-ercot-register-texas-energy-grid,https://b.thumbs.redditmedia.com/fVLo2CrPIDuPPmY9USHuduQlYYamFESNCZtqduWHmlM.jpg,11,0.79,7,DaRunningdead,1732509861.0,
Looking for some alt coin tips / Portfolio feedback.,https://www.reddit.com/r/CryptoMarkets/comments/1gypeco/looking_for_some_alt_coin_tips_portfolio_feedback/,,12,0.93,20,AECH_AY,1732449541.0,"Bitcoin, Ethereum, Solana, XRP, Cardano, Kin"
Why Staking SOL Could Be a Strategic Move in Today‚Äôs Market,https://www.reddit.com/r/altcoin/comments/1gyv20j/why_staking_sol_could_be_a_strategic_move_in/,,1,0.67,23,uthred03,1732466114.0,"Solana, IQ, Ark, WHY, Mode, ARC, Kin, UNI"
What does Greg wish for nowadays?,https://i.redd.it/75zfsperw23e1.jpeg,https://b.thumbs.redditmedia.com/i3ypxzhoyM2mdfscHg9DpOETjN2RS1hhsiBlhrd1fDw.jpg,6,0.88,4,Ozzy0114,1732554066.0,
The first European Bitcoin Conference took place 13 years ago today,https://i.redd.it/06sup23gi13e1.png,https://a.thumbs.redditmedia.com/Zjxxlsab0MzrycxIqHrhG9xLN1ewYtehJ1Uc_UH4Px8.jpg,15,0.89,4,coincorner,1732537150.0,"Bitcoin, Ren"
McDonald‚Äôs Adopts DOGE as its new Restaurant Currency. Thoughts? Seems like a good sign to me,https://medium.com/@ellisnd02/mcdonalds-adopts-doge-as-its-new-restaurant-currency-d54a06ca8df9,https://a.thumbs.redditmedia.com/1wlQy064IuumxTopW928wH_nS9JJVHdOXGJ9Desk_04.jpg,1,1.0,0,ellisnd,1732555938.0,Ren
"A reminder to track your crypto exhaustively, for emotional health",https://www.reddit.com/r/CryptoCurrency/comments/1gzi7na/a_reminder_to_track_your_crypto_exhaustively_for/,,1,0.57,6,timelesssmidgen,1732539459.0,"JUST, Ultima, DIA, Ren, MAD, Kin, MON, UNI"
"The Future of Bitget Token BGB, its significant performance shows a new sign to investors",https://www.reddit.com/r/CryptoMarkets/comments/1gz9xai/the_future_of_bitget_token_bgb_its_significant/,,0,0.25,0,Suman222000,1732506475.0,"BNB, TRON, OKB, Bitget Token, Ultima, Ark, Prom, Ren, Kin, UNI"
"Cardano (ADA) Shoots Up by 23% Daily to Above $1, Surpasses USDC",https://cryptopotato.com/cardano-ada-shoots-up-by-23-daily-to-above-1-surpasses-usdc/,https://b.thumbs.redditmedia.com/BRm3VsxRdUSfFHutEOEE-Z_DIMG1CVqAaKSsqpFsX2o.jpg,438,0.87,134,hiorea,1732434016.0,"USDC, Cardano, Dai"
"We are the creators of FeenixBot, and we just launched the beta: Ask Us Anything!
",https://www.reddit.com/r/CryptoCurrency/comments/1gzn26l/we_are_the_creators_of_feenixbot_and_we_just/,,1,0.57,3,pretzelgardenia,1732552558.0,"Uniswap, PancakeSwap, Safe, Gas, JUST, IQ, Ark, Ren, UNI"
Do I risk getting my card hacked if I just sell some cryptocurrencies?,https://www.reddit.com/r/CryptoCurrency/comments/1gzmwny/do_i_risk_getting_my_card_hacked_if_i_just_sell/,,0,0.47,10,Igor777778,1732552188.0,"Safe, JUST, NYM, Ren"
Will chainlink go up?,https://www.reddit.com/r/altcoin/comments/1gylkxd/will_chainlink_go_up/,,5,0.86,25,FluentMind,1732433699.0,"Chainlink, WHY, XPLA"
Big purchase announcement incoming,https://i.redd.it/nlme1qh6mu2e1.jpeg,https://b.thumbs.redditmedia.com/O8pAanOb0F4ZVulhg27vnEkLHdH5yEKzcWyvrsRqnuQ.jpg,792,0.96,171,leafydutchman,1732453653.0,Bitcoin
good thing you got in under 200k next?,https://i.redd.it/rk36wsp9mv2e1.png,https://b.thumbs.redditmedia.com/drqXMEbjeSf7cmNwNdRx4-oWZJuYIlmL1R4JJICciwc.jpg,421,0.95,15,snowieslilpikachu69,1732465810.0,
Kinda how it feels like right now ,https://i.redd.it/4qud8q9g1w2e1.jpeg,https://a.thumbs.redditmedia.com/zdRZaoVYoQei37Zk6otuKkYHxHj7SkcvkdSnHeFmxv4.jpg,329,0.96,27,AnonLaserEyes,1732470897.0,Kin
trade volume and regions tracking?,https://www.reddit.com/r/CryptoMarkets/comments/1gz4i2z/trade_volume_and_regions_tracking/,,0,0.5,0,woodenbook1,1732490190.0,"Dai, Kin"
Dogecoin: A Joke No More? The Rise Of A $58 Billion Crypto Phenomenon,https://www.forbes.com/sites/digital-assets/2024/11/22/dogecoin-a-joke-no-more-the-rise-of-a-58-billion-crypto-phenomenon/,https://b.thumbs.redditmedia.com/J29fucDWGg6FPHVeeCOCzrM5fykCsKg8B3qy3sFRZvo.jpg,851,0.82,378,InclineDumbbellPress,1732418395.0,Dogecoin
What companies exist in the USA that have issued cryptocurrency?,https://www.reddit.com/r/CryptoCurrency/comments/1gzlxpq/what_companies_exist_in_the_usa_that_have_issued/,,0,0.4,2,ONEto10dollars,1732549822.0,Ren
Any update on live-stream scammer kid?,https://www.reddit.com/r/CryptoMarkets/comments/1gz8upd/any_update_on_livestream_scammer_kid/,,0,0.25,0,Intelligent_Let_6749,1732503007.0,
First time investor here!,https://www.reddit.com/r/CryptoMarkets/comments/1gz45w0/first_time_investor_here/,,1,0.56,9,robdadestroyer,1732489256.0,"Bitcoin, Solana, Cardano, Chainlink, Pepe, Mina, Safe, JUST, Ren, AVA, Kin, MON"
The biggest scam this cycle,https://www.reddit.com/r/CryptoCurrency/comments/1gylhud/the_biggest_scam_this_cycle/,,369,0.83,221,hodlr2380,1732433331.0,"TRON, Polkadot, ORDI, JUST, ARC, Kin, UNI"
Black Friday sales incoming!,https://i.redd.it/669nv015xv2e1.gif,https://b.thumbs.redditmedia.com/9uoCMJ9X2QOjeoucF0sXWXXUa_9LUVqvJxNw1h_dobA.jpg,306,0.92,9,BioFrosted,1732469481.0,
Is it time to take profits on Bitcoin? ,https://www.reddit.com/r/CryptoMarkets/comments/1gyp9g5/is_it_time_to_take_profits_on_bitcoin/,,9,0.58,134,AECH_AY,1732448995.0,"Bitcoin, Mina, Ark"
CoinShares: Crypto investment products saw record $3.13b weekly inflow,https://crypto.news/coinshares-crypto-investment-products-saw-record-3-13b-weekly-inflow/,https://a.thumbs.redditmedia.com/0dogyeOvpX67X_0iq6GyNojWVHlBxyqXnKpf4bK0fI0.jpg,0,0.5,1,sadiq_238,1732546869.0,Flow
I need help? ,https://www.reddit.com/r/CryptoCurrency/comments/1gz6av3/i_need_help/,,10,0.59,43,Own-Tumbleweed6337,1732495274.0,"Ethereum, JUST, Dent, Ark, MAD"
My investments will probably be the death of me. ‚Ä¶YOU BUY THE DIP. I BUY THE DIP. DIPS?,https://www.reddit.com/r/CryptoMarkets/comments/1gz210z/my_investments_will_probably_be_the_death_of_me/,,1,1.0,0,diazqwerty2,1732483641.0,"Solana, Polkadot, JUST, Ark, WHY, AVA, Kin"
Sell limit order,https://www.reddit.com/r/CryptoMarkets/comments/1gytcky/sell_limit_order/,,4,0.83,1,Mysterious-Time-7480,1732461718.0,"JUST, IQ, Ark, MAD, Kin"
Bitcoin and Black Friday will rock markets this week,https://finance.yahoo.com/news/bitcoin-black-friday-rock-markets-074408647.html,https://b.thumbs.redditmedia.com/OYIUQbXqawQfsR5Cok1RoMc2S53bSIvlhFH43Ys2DGQ.jpg,211,0.92,45,WineMakerBg,1732438507.0,"Bitcoin, Ark"
BTC trying to hit $100k,https://i.redd.it/3450v4bhkw2e1.gif,https://b.thumbs.redditmedia.com/eT8zf6CSKxsgvz5NLErErJrnLiZBHPty4MclHQfOAiI.jpg,150,0.96,5,thepoet82,1732477300.0,
Ultimate Guide for beginners 2024 - A dApp founders perspective,https://www.reddit.com/r/CryptoCurrency/comments/1gywbhg/ultimate_guide_for_beginners_2024_a_dapp_founders/,,43,0.86,29,holdthefridge,1732469201.0,"Bitcoin, Ethereum, Solana, BNB, Sui, Uniswap, Raydium, Core, ORDI, Holo, Safe, Memecoin, Amp, JUST, Degen, Ultima, Status, IQ, Dent, Ark, Velo, Usual, Wen, Toshi, DIA, WHY, NKN, NYM, XPLA, Ren, ARC, RARI, MAD, DEXTools, Kin, Fluence, PAID, Beefy, Troll, MON, UNI"
"Daily Discussion, November 25, 2024",https://www.reddit.com/r/Bitcoin/comments/1gzc7uj/daily_discussion_november_25_2024/,,20,0.89,139,rBitcoinMod,1732514707.0,"Bitcoin, Sui, Dai, Ren"
‚ÄúBitcoin is not unregulated. It is regulated by algorithm instead of being regulated by the government bureaucracies. Un-corrupted.‚Äù,https://i.redd.it/d6mo1x6b6u2e1.jpeg,https://a.thumbs.redditmedia.com/1_An8urtOyepfOoOpTAc1Efjcmedli-9vQLT2qPVTp8.jpg,591,0.97,39,BitCypher84,1732448337.0,Bitcoin
Michael Saylor Strategy,https://www.reddit.com/r/Bitcoin/comments/1gzitgu/michael_saylor_strategy/,,7,0.73,10,heavy_infantry,1732541335.0,"Bitcoin, Status, WHY, XPLA, Forta, MON"
"ADA, SOL, XLM, XRP, PEPE",https://www.reddit.com/r/CryptoMarkets/comments/1gyc3ce/ada_sol_xlm_xrp_pepe/,,58,0.75,162,MaybeNoir,1732402018.0,"XRP, Pepe, Ren, ARC, PAID"
Bitcoin presents for Christmas ,https://www.reddit.com/r/Bitcoin/comments/1gzk0e3/bitcoin_presents_for_christmas/,,4,0.7,14,huankind_gmbh,1732544780.0,"Bitcoin, SATS, Kin"
Another day at the office folks‚Ä¶,https://www.reddit.com/r/CryptoCurrency/comments/1gyyy17/another_day_at_the_office_folks/,,29,0.8,22,Financial-Reward-949,1732475822.0,"MANTRA, ORDI, Ultima, Kin"
Thoughts on the following? ,https://www.reddit.com/r/CryptoMarkets/comments/1gz0fw8/thoughts_on_the_following/,,0,0.5,0,middleeasternboxer,1732479598.0,"XRP, Polkadot, Prom, Kin"
Never trust AltcoinDaily YouTube channel,https://www.reddit.com/r/CryptoCurrency/comments/1gymk7r/never_trust_altcoindaily_youtube_channel/,,182,0.86,145,C-Class_hero_Satoru,1732437947.0,"Dai, Mina, GMT, Holo, JUST, COTI, Avail, Gems, AVA, PAID"
So about this dip‚Ä¶.,https://i.redd.it/5iw5l960zv2e1.jpeg,https://b.thumbs.redditmedia.com/6aMj0cxolEmqn1COQINqWfxpaDSzqqZpNSSn4ZpQUCE.jpg,179,0.93,31,Randyreddit11,1732470072.0,
Pure speculation,https://www.reddit.com/r/CryptoMarkets/comments/1gz05au/pure_speculation/,,0,0.44,2,xNegis,1732478849.0,"JUST, Kin, MON"
New to Crypto? Read this.,https://www.reddit.com/r/CryptoCurrency/comments/1gzhwh1/new_to_crypto_read_this/,,0,0.49,21,Frizzik,1732538398.0,"Bitcoin, JUST, Ark, Verge, Wen, Forta, Kin, MON"
Bitcoin at $97.5k,https://i.redd.it/gh962qs4su2e1.gif,https://b.thumbs.redditmedia.com/ciskRwplgdnlcQ4fIZuzdpr-2iGEqiwlXqUGew8Te5w.jpg,358,0.98,7,mikeneedsadvice,1732455663.0,Bitcoin
Waiting for 100k be like‚Ä¶,https://i.redd.it/8wbf392o1y2e1.gif,https://b.thumbs.redditmedia.com/-4D8bhc5BDw_1yrCmzQ_zFU8v4Fr8t__JZgaY5FGpxY.jpg,44,0.82,6,Derpmang,1732495182.0,
We are so early,https://i.redd.it/psgejftn2t2e1.jpeg,https://b.thumbs.redditmedia.com/A-XZSbCu63-Yvbq7y1hDv1ZMaP7Q0yiA_wDjRx7wfts.jpg,1017,0.96,170,Fit_Put_5648,1732434982.0,
Capital Gains Tax question- Less than a year vs over a year,https://www.reddit.com/r/Bitcoin/comments/1gzld12/capital_gains_tax_question_less_than_a_year_vs/,,4,0.7,10,error401x,1732548360.0,"JUST, Ren"
"okpays.com ARE SCAMMERS , PLEASE STAY AWAY",https://www.reddit.com/r/Bitcoin/comments/1gzoirf/okpayscom_are_scammers_please_stay_away/,,2,1.0,1,LowManufacturer7199,1732555962.0,"Safe, Prom, PAID"
"We've recently seen over 700,000 BTC move from long-term holders to new market participants in just a few weeks! ü§ù How many more Bitcoin will be scooped up by new buyers before the end of the year? ü´∞",https://i.redd.it/9yrzbggxz23e1.jpeg,https://b.thumbs.redditmedia.com/dp6l4SewCSA9lpHwi4f9Lnkk1W-QbbUnmUKnLh2Dgsk.jpg,2,0.75,1,NibiruHybrid,1732555159.0,"Bitcoin, JUST, Ark"
The people who still think Bitcoin is a scam,https://www.reddit.com/r/Bitcoin/comments/1gyu081/the_people_who_still_think_bitcoin_is_a_scam/,,207,0.88,230,CrankyD,1732463467.0,"Bitcoin, Neo, JUST"
Calculating DCA gains?   ,https://www.reddit.com/r/Bitcoin/comments/1gznbzv/calculating_dca_gains/,,1,0.67,2,alphex,1732553216.0,"Amp, Ren, Kin"
What memecoins to buy on this dip?,/r/SolanaMemeCoins/comments/1gyx9zw/what_memecoins_to_buy_on_this_dip/,,0,0.46,28,sptay20,1732471625.0,Memecoin
I‚Äôm genuinely surprised that it hasn‚Äôt went over 100k yet,https://www.reddit.com/r/Bitcoin/comments/1gylr0h/im_genuinely_surprised_that_it_hasnt_went_over/,,715,0.78,398,restarted_trader,1732434433.0,"JUST, Wen, Kin"
Datamine Network: The Inflation-Resistant DeFi Solution You Need to Know About,https://x.com/ValidatorBurn/status/1860529139901694367,https://a.thumbs.redditmedia.com/BNGlTwZPd5Ex29tt-MUouFbMNTUfhzgCu4bScmjJ_-0.jpg,39,0.93,1,Correct_Resource5934,1732429303.0,
Bitcoin as collateral could reduce the impact of the impending commercial property market collapse.,https://www.reddit.com/r/Bitcoin/comments/1gzle7i/bitcoin_as_collateral_could_reduce_the_impact_of/,,1,0.57,0,swifttrout,1732548442.0,"Bitcoin, Ark"
"Mentor Monday, November 25, 2024: Ask all your bitcoin questions!",https://www.reddit.com/r/Bitcoin/comments/1gzd9g5/mentor_monday_november_25_2024_ask_all_your/,,9,0.85,15,rBitcoinMod,1732518884.0,"Bitcoin, MON"
"I finally invested in bitcoin today ! I used river . Questions , if I ever need to , at anytime, can I take the funds out and be out back in my account ? So happy to be apart of this !",https://i.redd.it/u7cxr9i6c23e1.jpeg,https://b.thumbs.redditmedia.com/QdblvyTHIx1BucS0c90uwmODmqKMRW8ArKQ82sW3GLM.jpg,2,0.54,42,ComplexWrangler1346,1732547146.0,Bitcoin
Good vibes only ,https://i.redd.it/5vgxunrorv2e1.jpeg,https://b.thumbs.redditmedia.com/g6w2svGiKohp_m15aEU8cw55tf1EmqpJ-qpQ1uYq2cY.jpg,122,0.97,3,AllisonBlockchain001,1732467615.0,
Curious about groups you feel comfortable chatting in when it comes to trading?,https://www.reddit.com/r/CryptoMarkets/comments/1gyvlql/curious_about_groups_you_feel_comfortable/,,1,1.0,0,itsjustmemyselfandI,1732467499.0,"JUST, Ark, Forta"
Make it happen üöÄ,https://v.redd.it/u9y9u8527q2e1,"https://external-preview.redd.it/Z2l6b2h1MDI3cTJlMa95YSxgBdVXNpSB3IcDJKUNJ-004h-XvaqcsH0FIahm.png?width=140&height=140&crop=140:140,smart&format=jpg&v=enabled&lthumb=true&s=e04589a5c420f2945d1bc5cd4c52d01f1e99edcd",3696,0.99,114,FitPin6957,1732400140.0,
The BitBox shop has 21% off for Black Friday,https://shop.bitbox.swiss/en/#products,https://b.thumbs.redditmedia.com/0p4gPLZteyKCK7X9q8Zvt1VC5Dv93N5kQbCxTyB0OPQ.jpg,5,0.78,0,btc21de,1732531738.0,
Should I do it? ,https://www.reddit.com/r/Bitcoin/comments/1gzda6g/should_i_do_it/,,8,0.59,48,ogtrhone,1732518977.0,"Bitcoin, TRON, Ark, Save, Kin, MON"
ìÑÄ #Bitcoin: The Relentless Ascent üåô üìΩÔ∏è,https://v.redd.it/icpps4wgxw2e1,"https://external-preview.redd.it/NnhlZXY1d2d4dzJlMf32UMeYKn5fSJLAg5wTqNCmguOAeIdH-JuzuCF8Houw.png?width=140&height=78&crop=140:78,smart&format=jpg&v=enabled&lthumb=true&s=5e1e8e0e46db2833a6a8bdb5e5e7129ac1f0d0cc",51,0.96,5,bankoncrypto,1732481693.0,Bitcoin
Are we gonna be stuck here for 6-8 months just like we were at $58K? üòÜ ,https://i.redd.it/65wac7jqtp2e1.jpeg,https://b.thumbs.redditmedia.com/8yjaSimON7fRk56iWtN3KVpByFc_YHb80tI8uYPk9UM.jpg,3968,0.96,345,sporadicmoods,1732395659.0,"JUST, MON"
what's akshually happening,https://i.redd.it/unhyfadjwv2e1.png,https://b.thumbs.redditmedia.com/KZJzVRrOUGtbJnd6o8Hv0jQ0qTtggFRxuyDoFQ6grlQ.jpg,87,0.89,1,dopstra,1732469249.0,
Would you hold?,https://www.reddit.com/r/Bitcoin/comments/1gzokn8/would_you_hold/,,1,1.0,0,Alone-Bug4628,1732556092.0,"Bitcoin, JUST, MON"
Let the bloodletting begin!,https://www.reddit.com/r/Bitcoin/comments/1gzog9r/let_the_bloodletting_begin/,,0,0.33,0,YackReacher,1732555803.0,
For Shitcoiners,https://www.reddit.com/r/Bitcoin/comments/1gz80lk/for_shitcoiners/,,19,0.82,0,SnokeAoM,1732500348.0,
"does this bullrun run the risk of a huge crash due to the ongoing conflicts (Russia,Ukraine,NATO)",https://www.reddit.com/r/CryptoMarkets/comments/1gyenmn/does_this_bullrun_run_the_risk_of_a_huge_crash/,,15,0.86,39,TopGrapefruit6975,1732409301.0,"Ark, WHY, Ren"
When someone who ghosted me 3 years ago slides in my dms asking about shitcoins üòíüíÄ,https://i.redd.it/6mv1ifreew2e1.jpeg,https://b.thumbs.redditmedia.com/Y5sLQpx4dqCPTNLwqjKk3NIpqQAc65hlggJBf20XrPI.jpg,58,0.89,1,Necessary_Flounder_7,1732475310.0,Kin
Bitcoin & Beyond: The Evolution of Investment in Tomorrow's Startups,https://www.youtube.com/watch?v=NQwCzVjFVYk,https://a.thumbs.redditmedia.com/u6xXQQbvr4o-fGnBQPT3LgjcMgFekNZpKwdRoyjN7F0.jpg,1,1.0,0,Themuzzman,1732553747.0,Bitcoin
Cold wallets,https://www.reddit.com/r/Bitcoin/comments/1gznbdc/cold_wallets/,,0,0.5,4,Mindless-Chipmunk-35,1732553173.0,
How to get coins out of now bankrupt coincloud,https://www.reddit.com/r/Bitcoin/comments/1gzdto2/how_to_get_coins_out_of_now_bankrupt_coincloud/,,4,0.67,2,Alboto_the_only,1732521376.0,"Bitcoin, Ankr, JUST"
Bitcoin: A Strategic Stand Against Fed Policies of endless money printing,https://www.reddit.com/r/Bitcoin/comments/1gz93mb/bitcoin_a_strategic_stand_against_fed_policies_of/,,11,0.71,6,Soggy-Welder2265,1732503801.0,"Bitcoin, JUST, Toshi, MON"
Tails x HardWallet,https://www.reddit.com/r/Bitcoin/comments/1gzmhol/tails_x_hardwallet/,,1,0.66,5,Street-Onion2595,1732551197.0,"WHY, ARC, Kin, MON"
Uk - Exchange ,https://www.reddit.com/r/Bitcoin/comments/1gzlvut/uk_exchange/,,0,0.5,7,Anxious_Delivery_762,1732549692.0,Bitcoin
"Memecoins talk, is it even profitable? Gas fees?",https://www.reddit.com/r/CryptoMarkets/comments/1gyrq4q/memecoins_talk_is_it_even_profitable_gas_fees/,,0,0.33,2,itango35,1732457203.0,"Memecoin, Gas, Wen, MAD, Kin"
Seeking Exchange for Separate Same-Direction Positions and Crypto Collateral Options,https://www.reddit.com/r/CryptoMarkets/comments/1gyrngf/seeking_exchange_for_separate_samedirection/,,0,0.5,0,ShadowtoLight,1732456987.0,"Solana, Toncoin, Amp, JUST, FLEX, IQ, Dent, Ren, Kin"
ZRC changing the blockchain with Zk tech ,https://www.reddit.com/r/altcoin/comments/1gyjhd2/zrc_changing_the_blockchain_with_zk_tech/,,1,1.0,10,DAHUDMJ,1732425283.0,"Ethereum, TRON, IQ, Ark, Velo, Mode, ARC, Kin, UNI"
Thoughts on revolut? ,https://www.reddit.com/r/CryptoMarkets/comments/1gyqxv3/thoughts_on_revolut/,,0,0.5,12,middleeasternboxer,1732454869.0,WHY
Lost one of my backup seed phrase papers moving - should I make a new cold wallet?,https://www.reddit.com/r/Bitcoin/comments/1gzeqyb/lost_one_of_my_backup_seed_phrase_papers_moving/,,3,0.71,6,TossinItAlllAway,1732525516.0,"JUST, MAD, Kin"
Finally decided to come out of the closet... ,https://i.redd.it/n1107t8p8v2e1.jpeg,https://a.thumbs.redditmedia.com/-G2CHUwAvTp36Ey5ebMK93v_HcszhYunf-cCIeydi04.jpg,73,0.93,17,_JamesDooley,1732461227.0,
best wallet/exchange?,https://www.reddit.com/r/Bitcoin/comments/1gzk5ia/best_walletexchange/,,2,0.62,4,False_Decision_610,1732545167.0,
"Memecoins out, BTC chop....  Altcoin RALLY- sound right?!",https://www.reddit.com/r/CryptoMarkets/comments/1gy56u9/memecoins_out_btc_chop_altcoin_rally_sound_right/,,29,0.75,53,Original-Assistant-8,1732383715.0,"TRON, Memecoin, UMA"
Why you gotta tease me like that baby?,https://i.redd.it/ripoapw63w2e1.png,https://a.thumbs.redditmedia.com/l-m3--b6JFKdkBtkPSD0i1b-qiUeAvyny_8Rnf8Aku8.jpg,43,0.95,0,FlaccidFella0,1732471526.0,WHY
High Roller,https://i.redd.it/0wfccw4w6q2e1.png,https://b.thumbs.redditmedia.com/zsVw8YVkULTH7F0zGf0ko96e-ruj6umIaQ4yyKYCGNA.jpg,1601,0.99,79,livelong2000,1732400084.0,
Public Request for Help,https://www.reddit.com/r/Bitcoin/comments/1gzjnid/public_request_for_help/,,0,0.43,0,Longjumping-Leg-7324,1732543784.0,"JUST, Request"
Sold my DOGE today after getting 300% profit,https://www.reddit.com/r/CryptoMarkets/comments/1gxrila/sold_my_doge_today_after_getting_300_profit/,,355,0.86,222,BugWhispererr,1732336535.0,
"China discovers $83bn worth of gold. This type of thing cannot happen with bitcoin, which represents true scarcity.",https://www.reuters.com/markets/commodities/china-finds-83-billion-worth-gold-reserves-hunan-2024-11-21,,305,0.9,66,harvested,1732430377.0,"Bitcoin, ARC"
"Daily Discussion Megathread - November 24, 2024 (GMT+0)",https://www.reddit.com/r/CryptoMarkets/comments/1gypf6g/daily_discussion_megathread_november_24_2024_gmt0/,,1,0.67,6,daily-thread,1732449623.0,"Dai, GMT, Ark"
Blame Jim Cramer ,https://www.reddit.com/r/Bitcoin/comments/1gypz1t/blame_jim_cramer/,,102,0.93,29,MX010,1732451636.0,Strike
"""6.25 Bitcoin will make you a wealthy person."" - Saylor",https://www.reddit.com/r/Bitcoin/comments/1gyjrsd/625_bitcoin_will_make_you_a_wealthy_person_saylor/,,337,0.94,115,They_Live_80,1732426386.0,"Bitcoin, Ark, WHY"
Always fun to read comments on predictions that turned out 100% correct ,https://www.reddit.com/gallery/1gyu3h5,https://b.thumbs.redditmedia.com/citY5RlaREasl1uFTSmt-5PbiL_RJ0diy8PvsrTHenY.jpg,46,0.94,5,junglehypothesis,1732463704.0,
Whales Accumulate Bitcoin Amid Price Drops; Spot ETF Inflows Surge,https://coinpedia.org/crypto-live-news/whales-accumulate-bitcoin-amid-price-drops-spot-etf-inflows-surge/,https://b.thumbs.redditmedia.com/HeqmcdgZs37ioP-33kTqu1tTxb6vGefsc7VeNh43QyU.jpg,3,0.72,0,castorfromtheva,1732517056.0,"Bitcoin, Flow"
New to Crypto,https://www.reddit.com/r/CryptoMarkets/comments/1gye3gl/new_to_crypto/,,7,0.88,2,Then_Effective1302,1732407689.0,"Safe, JUST, Kin, MON"
"Trezor vs Tangem, advice needed!",https://www.reddit.com/r/Bitcoin/comments/1gzeh02/trezor_vs_tangem_advice_needed/,,4,0.83,8,Mango__323521,1732524259.0,"Bitcoin, Sui, ORDI, Safe, Amp, Ren"
Progress: 10.53%,https://i.redd.it/ff9b8a9vhu2e1.png,https://b.thumbs.redditmedia.com/FGtpncjJehrqotULnGTHbrkWaJ2og_o8XbiTLKaWOlQ.jpg,78,0.94,9,encryptzee,1732452229.0,
Too soon? üòÇ,https://i.redd.it/0233cdgztv2e1.jpeg,https://b.thumbs.redditmedia.com/VzukKfdjfpOPixeQR-svHxj0QrbPthcRwVw4N6a2_QM.jpg,32,0.77,6,RlzJohnnyM,1732468384.0,
Australian Cryptocurrency Conference Today ,https://i.redd.it/kjy4rz9vmu2e1.png,https://b.thumbs.redditmedia.com/dvM0gg9_rJygNAO33TdtXW9FANgJSDZO9UX6Mrbo4fM.jpg,66,0.93,7,moneyhut,1732453889.0,"Bitcoin, Ren"
Want to buy first bitcoin - Coinbase vs Kraken (or other?),https://www.reddit.com/r/Bitcoin/comments/1gzh6lm/want_to_buy_first_bitcoin_coinbase_vs_kraken_or/,,0,0.5,10,mneymaker,1732535894.0,Bitcoin
"Hold on tight, dear hodlers, for the ride's not over yet",https://v.redd.it/na8ih8rnyw2e1,"https://external-preview.redd.it/OHgzc2ZocW55dzJlMQ2UF7ceVuor6ZaF6mY5iQojnNOhX6NuVNmHyuoowDTv.png?width=140&height=78&crop=140:78,smart&format=jpg&v=enabled&lthumb=true&s=d015b4fd4f952191fa44f37f7724f379b8f0cea0",16,0.78,3,Full_Possibility7983,1732482130.0,
River - ACH withdrawal (mortgage),https://www.reddit.com/r/Bitcoin/comments/1gzgw2o/river_ach_withdrawal_mortgage/,,0,0.5,1,ryanb0219,1732534770.0,Safe
Crypto exit plan,https://www.reddit.com/r/CryptoMarkets/comments/1gy1112/crypto_exit_plan/,,34,0.78,103,Glusglus,1732372701.0,
"I am not a crypto bro. I am a 61 year-old woman about to retire. I made a post  that was removed by mods because I claimed that in 2011 Andreas Antonopolous said in a video that in The future, anyone owning 10 bitcoins would be a millionaire. The mods asked me to prove this. ",https://www.reddit.com/r/Bitcoin/comments/1gy6kr6/i_am_not_a_crypto_bro_i_am_a_61_yearold_woman/,,1843,0.93,193,FreyasCloak,1732387299.0,"Bitcoin, JUST, Dent, Prom, XPLA, Forta, MAD, PAID, MON"
what‚Äôs the best way to cash out with a metamask wallet?,https://www.reddit.com/r/CryptoMarkets/comments/1gyk405/whats_the_best_way_to_cash_out_with_a_metamask/,,3,0.67,6,Apprehensive-Two-939,1732427687.0,"Memecoin, JUST"
Binance free gift,https://www.reddit.com/r/CryptoMarkets/comments/1gyvxv1/binance_free_gift/,,0,0.17,0,Superb_Schedule_6859,1732468303.0,
"The Price of Bitcoin in Weak Money Is Exploding, but Let‚Äôs Not Be Fooled: The Bitcoin Revolution Is in Danger.",https://inbitcoinwetrust.substack.com/p/the-price-of-bitcoin-in-weak-money,https://b.thumbs.redditmedia.com/Um3UMET2nQX7FoU3sixagkKTHlm2yjoANYJscS9HRCU.jpg,0,0.43,0,sylsau,1732453148.0,"Bitcoin, MON"
87yo Grandpa asked me about bitcoin,https://www.reddit.com/r/Bitcoin/comments/1gz3q2x/87yo_grandpa_asked_me_about_bitcoin/,,10,0.71,6,Ryansred1021,1732488071.0,"Bitcoin, JUST, MAD"
How to setup and use BTCpay server to accept Bitcoin payments - Full Tutorial,https://www.youtube.com/watch?v=-GJr4XjRCPo,https://a.thumbs.redditmedia.com/9G_DZZTw8Ovza6FNf0_NAxIWSbs8jqkHCk7YXKzFUJ4.jpg,14,0.94,2,benperrin117,1732479229.0,Bitcoin
Cost Basis Assistance ,https://www.reddit.com/r/Bitcoin/comments/1gzftpw/cost_basis_assistance/,,0,0.5,8,InfiniteDate6288,1732530343.0,PAID
Retail Arriving,https://www.reddit.com/r/Bitcoin/comments/1gzjoqx/retail_arriving/,,0,0.4,4,Illustrious-Fee9626,1732543879.0,Ark
What would you do?,https://i.redd.it/lw377tz4x03e1.jpeg,https://a.thumbs.redditmedia.com/vhlh-2iO-LsnCng86qAMZKpsz-GtWJaQDb5HQL0_TW0.jpg,0,0.5,1,rd__hacker,1732529998.0,
You have 2k to YOLO right now.. Which high risk/high reward crypto are you betting on?,https://www.reddit.com/r/CryptoMarkets/comments/1gxrc1v/you_have_2k_to_yolo_right_now_which_high_riskhigh/,,184,0.81,735,anothervaultdweller,1732335882.0,"Pepe, Memecoin, SPX6900, MON"
Got banned from finance sub because i mentioned BTC,https://i.redd.it/72hx8lgdv03e1.jpeg,https://b.thumbs.redditmedia.com/ipSMIjaPGpchwUbun-8zT1VMlbsYTtEK1yg1goeazCc.jpg,1,0.51,35,Unique-Dragonfly-684,1732529388.0,"Bitcoin, Save, MON"
Is now a good time to buy? If not how long should I wait? ,https://www.reddit.com/r/CryptoMarkets/comments/1gy9zlu/is_now_a_good_time_to_buy_if_not_how_long_should/,,9,0.73,33,ultimablaze,1732396307.0,"JUST, Kin, MON"
How El Salvador Is Becoming The Dubai of Latin America üá∏üáª,https://youtu.be/YJLKUtDKi6I,https://b.thumbs.redditmedia.com/jajTA5KiNAylgQssIdfixPQywV7A3T1OnCE4N8L98CA.jpg,16,0.77,3,PostEnvironmental553,1732474696.0,"Bitcoin, Waves, Velo, WHY, ECOMI, MAD, Kin, UNI"
Is KuCoin out of legal trouble?,https://www.reddit.com/r/Bitcoin/comments/1gzm4nr/is_kucoin_out_of_legal_trouble/,,0,0.2,2,TheCurious0ne,1732550318.0,"Safe, WOO, ARC"
How to research about crypto?,https://www.reddit.com/r/CryptoMarkets/comments/1gym4w9/how_to_research_about_crypto/,,1,0.67,6,Potential_Pin_7772,1732436060.0,"JUST, ARC"
Linking ChatGPT to etherscan via API to query patterns for investment strategy ,https://www.reddit.com/r/CryptoMarkets/comments/1gyihpn/linking_chatgpt_to_etherscan_via_api_to_query/,,3,0.71,4,UrAn8,1732421723.0,"Velo, Ren, Kin, MON"
Need some advice regarding SUI ,https://www.reddit.com/r/CryptoMarkets/comments/1gye3hr/need_some_advice_regarding_sui/,,4,0.75,31,DavidMason141,1732407692.0,Sui
Why KNEE Coin is the Next Big Meme Coin (Because When Knee Surgery is Tomorrow... It's Time to Buy!),https://www.reddit.com/r/CryptoMarkets/comments/1gyuzwe/why_knee_coin_is_the_next_big_meme_coin_because/,,0,0.22,2,MilwaukeeMushrooms,1732465970.0,"Solana, Dogecoin, Shiba Inu, JUST, Ark, Wen, WHY, XPLA, Kin"
Selling BTC at $100k for a quick gain,https://v.redd.it/s6i5os7lep2e1,"https://external-preview.redd.it/aDlocDJpNWxlcDJlMcS-q4OfqBjNHG36d6WrkMSCHZhgh8dNIfYjm5TqUxNj.png?width=140&height=140&crop=140:140,smart&format=jpg&v=enabled&lthumb=true&s=335bfd50404e56d8724e3309ae20bf07446c2ee8",1069,0.93,95,vinniedamac,1732390566.0,
YOU will NOT BELIEVE what we found inside one of our minersüëá,https://v.redd.it/mcvce5kur23e1,"https://external-preview.redd.it/cnduc202a3VyMjNlMQbq4CU7O1W2tA-mpb3ryTBZ_l7TOFaWyRtiKOLn7xRf.png?width=140&height=140&crop=140:140,smart&format=jpg&v=enabled&lthumb=true&s=35344fa44aee9c997296757846307da22ad35b78",0,0.45,5,SimpleMiningIO,1732552453.0,
When to move bc to a hard wallet,https://www.reddit.com/r/Bitcoin/comments/1gzeg8r/when_to_move_bc_to_a_hard_wallet/,,0,0.5,4,NightLord70,1732524154.0,Safe
The whole HODL base of BTC will change in the next 5-10 years. ,https://www.reddit.com/r/Bitcoin/comments/1gynu3c/the_whole_hodl_base_of_btc_will_change_in_the/,,60,0.88,15,NotCoolFool,1732443342.0,"Bitcoin, WHY, Ren, MON"
Me with 0.01 BTC  ,https://v.redd.it/o87mshxt6o2e1,"https://external-preview.redd.it/aWM2d3k1bHQ2bzJlMfQVPTjJEtAFg6TRoN6bEuE8f07suyZPd0QwdVPmA68E.png?width=140&height=140&crop=140:140,smart&format=jpg&v=enabled&lthumb=true&s=dac8691948171f1a7ed0a20d12a3347592ae945f",1997,0.98,68,TopKhoj,1732375856.0,
Oldest holder I've met,https://www.reddit.com/r/Bitcoin/comments/1gytwrw/oldest_holder_ive_met/,,20,0.72,7,SatoshiNamakoto,1732463213.0,"Bitcoin, JUST, Wen, Toshi, WHY, XPLA, Ren, MAD, MON"
Is This Meme a Banksy? The Genius (or Laziness) Behind 'Plain White Paper,/r/CryptoInterests/comments/1gybavo/is_this_meme_a_banksy_the_genius_or_laziness/,,1,1.0,6,SnooKangarou,1732399900.0,
Perspective,https://i.redd.it/mozjgz6jfp2e1.jpeg,https://a.thumbs.redditmedia.com/AJTCSQRkgtoIfs9EOdm-54FB4qLLkoFBS1heWZukv10.jpg,997,0.97,17,F-trainaintplain,1732390883.0,
At least he admits when he‚Äôs wrong,https://www.smh.com.au/money/investing/it-s-tough-to-admit-but-i-was-wrong-about-bitcoin-20241125-p5kt8t.html,https://b.thumbs.redditmedia.com/BDoR1xPIsH-hUFpASwhX8Rm5gMoqZ6E9OsqZ94o__4w.jpg,2,0.6,2,Cointuitive,1732522974.0,
Hey I'm starting my crypto journey with small investment. GUIDANCE NEEDED,https://www.reddit.com/r/CryptoMarkets/comments/1gyku36/hey_im_starting_my_crypto_journey_with_small/,,0,0.33,3,Old_Inflation_6432,1732430549.0,"Polygon, Avail, AVA"
Helium meme coin mobile,https://www.reddit.com/r/CryptoMarkets/comments/1gyktgo/helium_meme_coin_mobile/,,1,0.67,1,AKOJimmy,1732430472.0,"Helium, JUST"
Should I convert my USDC to ETH?,https://www.reddit.com/r/CryptoMarkets/comments/1gy5fru/should_i_convert_my_usdc_to_eth/,,11,0.82,28,_j0sal,1732384365.0,"USDC, Ark, Mode, Forta, Ren, Kin"
best exchange app?,https://www.reddit.com/r/CryptoMarkets/comments/1gye2n0/best_exchange_app/,,4,0.83,13,Intrepid_Pen5110,1732407624.0,"Sei, Safe, JUST, Ren"
Is there going to be a Black Friday sale on bitcoin?,https://www.reddit.com/r/Bitcoin/comments/1gzgu20/is_there_going_to_be_a_black_friday_sale_on/,,0,0.44,12,skittles-slayer,1732534545.0,Bitcoin
How does the HODL philosophy work in 2024?,https://www.reddit.com/r/Bitcoin/comments/1gzj72c/how_does_the_hodl_philosophy_work_in_2024/,,0,0.41,41,ric_atto,1732542467.0,"Bitcoin, Prom, Ren, MON"
Zero!,https://v.redd.it/e10pm5z3hs2e1,"https://external-preview.redd.it/em10aHM0ejNoczJlMeTky2BpY6SBKwtCE6xnAS_C7_XlfVOC6c3eNwfRQMZY.png?width=140&height=78&crop=140:78,smart&format=jpg&v=enabled&lthumb=true&s=055f23a11da68c6baca1d0d80b3f9d929b9e8df3",122,0.96,23,Wsemenske,1732427744.0,
 Best way to pay for bitcoin in Canada?,https://www.reddit.com/r/Bitcoin/comments/1gzdi0e/best_way_to_pay_for_bitcoin_in_canada/,,0,0.5,5,Mikeonablackbike,1732519969.0,Bitcoin
HELP,https://www.reddit.com/r/CryptoMarkets/comments/1gyjvi3/help/,,0,0.5,1,shaquiille_oatmeal,1732426782.0,Cronos
Where do you guys buy bit coin? ,https://www.reddit.com/r/Bitcoin/comments/1gzibjl/where_do_you_guys_buy_bit_coin/,,0,0.36,7,giny888,1732539785.0,
I just set up direct deposit to Strike app,https://www.reddit.com/r/Bitcoin/comments/1gz352s/i_just_set_up_direct_deposit_to_strike_app/,,5,0.67,8,Electrical_Lunch_217,1732486516.0,"Bitcoin, JUST, Strike, PAID"
Anything not already happened in crypto?,https://www.reddit.com/r/CryptoMarkets/comments/1gymtpx/anything_not_already_happened_in_crypto/,,0,0.25,20,johnowens0,1732439108.0,"XRP, MON"
French TV ,https://i.redd.it/645ctaxxiw2e1.jpeg,https://b.thumbs.redditmedia.com/iB6tFiU-qLnw9oxO3n3E-al0ddoUaaZnuUvJ8VenlTU.jpg,11,0.82,3,mosju,1732476778.0,"Bitcoin, TRON, Ren, MON"
BTC purchasing power chart per country comparison,https://www.reddit.com/r/Bitcoin/comments/1gzcti2/btc_purchasing_power_chart_per_country_comparison/,,0,0.4,0,okokcomputerokok,1732517103.0,"Bitcoin, Ren"
What are you hearing about the IRS safe harbor allocation rules where action is needed by December 31st?,https://www.reddit.com/r/Bitcoin/comments/1gz8utd/what_are_you_hearing_about_the_irs_safe_harbor/,,4,0.75,2,Sedknieper,1732503018.0,"Safe, PAID"
Thought Experiment,https://www.reddit.com/r/Bitcoin/comments/1gzmy3q/thought_experiment/,,0,0.11,6,PatrickJunk,1732552284.0,"Bitcoin, Mina, JUST, Wen, Forta, Ren, Kin, MON"
"Beginners error, should I stick it out or switch ",https://www.reddit.com/r/CryptoMarkets/comments/1gydmfa/beginners_error_should_i_stick_it_out_or_switch/,,2,0.75,31,-_FAD3D_-,1732406340.0,"XRP, JUST, Save, Ren"
Question‚ù§Ô∏è,https://www.reddit.com/r/CryptoMarkets/comments/1gyh4b4/question/,,1,0.66,2,Any-Ad-2925,1732417043.0,"Bitcoin, Cardano, ARC"
FLR - Flare Network? ,https://www.reddit.com/r/CryptoMarkets/comments/1gyghh8/flr_flare_network/,,1,0.66,3,SyFoNN_08,1732414945.0,"Ethereum, Solana, Cardano, Avalanche, TRON, Polygon, Flare, JUST, AVA, UNI"
Could $Cheems become another Shiba inu?,https://www.reddit.com/r/altcoin/comments/1gy0sex/could_cheems_become_another_shiba_inu/,,0,0.4,27,Donsaudi29,1732372009.0,"Shiba Inu, Memecoin, Ark, Prom, Ren, Kin, UNI"
BENK BENK BENK 1000x,https://www.reddit.com/r/altcoin/comments/1gx6d5d/benk_benk_benk_1000x/,https://b.thumbs.redditmedia.com/EIxbkK-9B1EtJsx83ZK2S8-1j7GS8Ad8LnBKRb3jbio.jpg,3,1.0,19,Wrong-University-925,1732277413.0,
$TSUKI - The next in the GME chain,https://www.reddit.com/r/altcoin/comments/1gx35dp/tsuki_the_next_in_the_gme_chain/,,5,0.86,40,bdlig,1732263717.0,"Solana, Sei, Raydium, Flow, Amp, JUST, Status, Ren, MAD, Kin, Shuffle"
Sender Ai aims to improve the blockchain,https://www.reddit.com/r/altcoin/comments/1gwt8p0/sender_ai_aims_to_improve_the_blockchain/,,2,0.75,14,DAHUDMJ,1732230747.0,"FLEX, Ark, Kin, UNI"
UEEx Is Offering UE and BTC Rewards for Their 3rd Anniversary,https://www.reddit.com/r/altcoin/comments/1gvsa6t/ueex_is_offering_ue_and_btc_rewards_for_their_3rd/,,36,1.0,41,PhysicalLodging,1732117091.0,"Bitcoin, Ark, Ren"
"DePIN will Boom , and Serenity is ready for 2025!",https://www.reddit.com/r/altcoin/comments/1gvvfjc/depin_will_boom_and_serenity_is_ready_for_2025/,https://a.thumbs.redditmedia.com/J83qedNqsF9v-mG4EN5N6EhxXxMqucxlQ0iD5jXU7t4.jpg,6,0.88,39,SwordfishVisual9120,1732124919.0,"ORDI, Dent, Ark, Ren, Kin, UNI"
New era of NFTs are here with BozoBenk,https://www.reddit.com/r/altcoin/comments/1gvzjm3/new_era_of_nfts_are_here_with_bozobenk/,,3,0.81,18,Wrong-University-925,1732136520.0,"IQ, Ark, XPLA, Ren, Kin, UNI"
"This has to be the most fun I've ever had in Crypto! Equally, it's going to likely be the most $$$ I make too! ",https://www.reddit.com/r/altcoin/comments/1gvly97/this_has_to_be_the_most_fun_ive_ever_had_in/,https://b.thumbs.redditmedia.com/ZleALO0Mx42eVCg6zuGle06bmk2rCZNw-KK22k30Tmw.jpg,18,0.77,80,TheSavageOscar,1732096067.0,"JUST, Ultima, Ark, Ren, Kin, UNI"
BTC going to 100k in the Next ATH ,https://www.reddit.com/r/altcoin/comments/1gvs1om/btc_going_to_100k_in_the_next_ath/,https://b.thumbs.redditmedia.com/stnK4KLSwZJqEwXtKzgB0BKejQxs8yYLygQYbPPT6GI.jpg,0,0.5,13,flashamazin,1732116490.0,"Bitcoin, Dai, Flow, Mina, JUST, Ark, Velo, Prom, DIA, Ren, Prosper, MON, Diamond"
Is Pump.fun Still a Good Option for Meme Creators?,/r/worldoflosers/comments/1gvlrev/is_pumpfun_still_a_good_option_for_meme_creators/,,1,0.67,30,SnooKangarou,1732095238.0,
DePIN: The Catalyst for Mass Crypto Adoption,https://www.reddit.com/r/altcoin/comments/1guu6iy/depin_the_catalyst_for_mass_crypto_adoption/,,22,0.97,38,SherylJRatliffC,1732012262.0,"Dai, Helium, Amp, JUST, ARC, Sentinel, UNI"
$URO price chart looking good but could this be the beginning of a DeSci Memecoin evolution?,https://www.reddit.com/r/altcoin/comments/1guvyxy/uro_price_chart_looking_good_but_could_this_be/,,3,1.0,15,Donsaudi29,1732019265.0,"Solana, IOTA, Compound, Memecoin, IQ, Prom, WHY, Ren, ARC, Urolithin A, Kin"
Introducing $VPNFAIL token on TON - VPN.fail utility token,/r/vpn_fail/comments/1guukdp/introducing_vpnfail_token_on_ton_vpnfail_utility/,,3,1.0,13,vpn_fail,1732016679.0,
Wealth Creation of Bitget on BAN after Binance Listing ,https://i.redd.it/k7i1qwo1jt1e1.png,https://b.thumbs.redditmedia.com/y75TDwaGWAT2a3kTvEjxAprJEMo2gBUy8sReOVOl9Ck.jpg,5,0.78,11,flashamazin,1732004646.0,"Ark, Comedian, DIA, Ren, MAD, UNI"
Have you got your WOLOSR yet? ,/r/worldoflosers/comments/1gv0kho/have_you_got_your_wolosr_yet/,,1,1.0,10,SnooKangarou,1732032186.0,
New DISCORD Server for WorldofLosers,/r/worldoflosers/comments/1guvrw5/new_discord_server_for_worldoflosers/,,1,1.0,3,SnooKangarou,1732019232.0,
Can a Community Recover After the Devs Pull Out? The Curious Case of Baby Peanut (BABYPNUT),/r/CryptoInterests/comments/1gut6ty/can_a_community_recover_after_the_devs_pull_out/,https://b.thumbs.redditmedia.com/bQHR5gI__GH3E6vpx4haQgrmZCudvlGN-IeePTOsG0s.jpg,1,1.0,5,SnooKangarou,1732007919.0,UNI
FRED Raccon best Community Meme ,https://www.reddit.com/r/altcoin/comments/1gtyb6z/fred_raccon_best_community_meme/,,4,1.0,15,flashamazin,1731910154.0,"Solana, Safe, JUST, Symbol, IQ, Dent, Ark, Prom, Ren, UNI"
Bitcoin Fear & Greed,https://i.redd.it/khxb375mph1e1.jpeg,https://b.thumbs.redditmedia.com/k_WXh-1CaFiCIqtVi4fm6q0H0G5JKt_gttmAPSu15cY.jpg,22,0.89,26,wdw67,1731861570.0,"Bitcoin, Ark, Ren, ARC, MAD, Kin"
Serenity Weekly recap,https://www.reddit.com/r/altcoin/comments/1gtrj6u/serenity_weekly_recap/,https://b.thumbs.redditmedia.com/o8JxJAEBz0D2Ci89hijJExspzV8-d-svBw8XXuO22xo.jpg,1,1.0,8,SwordfishVisual9120,1731888133.0,"TRON, JUST, BORA, Ark, DIA, Ren, Kin"
2 low Market cap memes to watch,https://www.reddit.com/r/altcoin/comments/1gtcyw0/2_low_market_cap_memes_to_watch/,,0,0.5,23,Better-Committee-834,1731848186.0,"Ark, ARC"
Drife ‚Äì Just launched! | Imagine UBER on blockchain ‚Äì It‚Äôs already a reality! | Currently operational in Dubai with a certified license | Over 35k drivers and 350k users onboard | SUI chain | Next 100x,https://www.reddit.com/r/altcoin/comments/1gsqzc9/drife_just_launched_imagine_uber_on_blockchain/,,25,0.96,14,OhBoyUmustKnowAlot,1731774627.0,"Sui, Mina, JUST, FLEX, IQ, Ark, Velo, DIA, XPLA, Mode, Ren, ARC, Kin, DRIFE, UNI"
"Hold on tight, this next leg up is going to be glorious! ",https://i.redd.it/uqhmfoxmtb1e1.jpeg,https://a.thumbs.redditmedia.com/NwkRKxfz-0wcyjbO8Y8BHnNzJgNLgB-BnJTGRF3X3P0.jpg,7,0.9,14,TheSavageOscar,1731790283.0,"Degen, Ark, Ren, Kin, MON"
Dogs of Elon Nice Potential,https://coinmarketcap.com/currencies/dogs-of-elon-solana,https://b.thumbs.redditmedia.com/WwgCFHEP0xiksP4WPAI7-DhIAmyHk6m5XoQquMS8emM.jpg,4,0.75,33,RoyalWest5112,1731749255.0,"Solana, DOGS, UNI"
Let's build a meme together. Will this work?,https://www.reddit.com/r/altcoin/comments/1gs82v6/lets_build_a_meme_together_will_this_work/,https://b.thumbs.redditmedia.com/M-3rLHTsb-o5kr5fL7N9ZG1BQsN9FvVeAm5Vz_Kmnko.jpg,8,1.0,24,SnooKangarou,1731708356.0,"Solana, Memecoin, IQ, Ark, Ren, MAD, Kin, UNI"
