title,thumbnail,description,publishedAt,tags
Meta Finally Breaks Its Silence on Pig Butchering,"https://media.wired.com/photos/673e453447963b965f39dac1/191:100/w_1280,c_limit/Security_PigButcheringMeta_GettyImages.jpg",The company gave details for the first time on its approach to combatting organized criminal networks behind the devastating scams.,2024-11-21T18:00:00Z,['Mina']
The Crypto Industry Is Helping Trump Pick SEC Chair,"https://media.wired.com/photos/6745db10e149b18ca8e2b8d8/191:100/w_1280,c_limit/GettyImages-93181618.jpg","The president-elect's transition team is consulting with industry leaders as it vets potential replacements for outgoing chair Gary Gensler, sources tell WIRED.",2024-11-26T16:23:34Z,['Dent']
"Teen streamer dumped a meme coin for $30K, then things got weird",https://cdn.vox-cdn.com/thumbor/ejx8--qQQFRjwwm-VssKCmvYabM=/0x0:2040x1360/1200x628/filters:focal(1020x680:1021x681)/cdn.vox-cdn.com/uploads/chorus_asset/file/23587766/acastro_220524_STK428_0002.jpg,"A teen streamer was reportedly doxxed after he dumped a meme coin he created, called Quant, for $30,000.",2024-11-22T15:58:10Z,['Quant']
"Microsoft is the mystery AI company licensing HarperCollins books, says Bloomberg",https://cdn.vox-cdn.com/thumbor/5X0IGMLrTUsRnyo97W-GRqDZBiA=/0x0:2040x1360/1200x628/filters:focal(1020x680:1021x681)/cdn.vox-cdn.com/uploads/chorus_asset/file/24347781/STK095_Microsoft_03.jpg,"Microsoft will train a new AI model on licensed nonfiction titles from HarperCollins, according to a report from Bloomberg.",2024-11-19T21:37:10Z,"['ORDI', 'Mode']"
NBA settles with WBD as it prepares to stream games on Amazon in 2025,https://cdn.vox-cdn.com/thumbor/O9EYOriTeCNsR-duTY6Ip0x43AU=/0x0:7144x4762/1200x628/filters:focal(3572x2381:3573x2382)/cdn.vox-cdn.com/uploads/chorus_asset/file/25739364/2184281898.jpg,Warner Bros. Discovery will settle its lawsuit against the NBA as it reaches a new deal that moves Inside the NBA to ESPN next year.,2024-11-18T15:04:22Z,['Sui']
Pump.fun Shuts Down Its Bonkers Live Streaming Service,https://gizmodo.com/app/uploads/2024/11/PumpFunFish.jpg,The crypto website that played host to the worst the internet had to offer has shut down its video component.,2024-11-26T14:50:42Z,['Bonk']
Tron Crypto Founder Spends $6 Million on a Banana and Says He Plans to Eat It,https://gizmodo.com/app/uploads/2024/11/Justin-Sun-founder-of-Tron.jpg,"It's one banana, Michael, how much could it cost? Six million dollars?",2024-11-21T20:05:31Z,"['TRON', 'SIX']"
Pump.fun Is All of the Internet’s Worst Impulses on One Site,https://gizmodo.com/app/uploads/2024/11/pumpfunkid.jpg,What do you get when you mix unmoderated livestreams with cryptocurrency? You get Pump.fun.,2024-11-25T16:20:51Z,"['Mode', 'Ren']"
"Billionaire Marc Benioff, Owner of Time, Uses Magazine to Promote His AI Software",https://gizmodo.com/app/uploads/2024/11/Saleforce-CEO-Marc-Benioff-at-a-conference-in-San-Francisco-.jpg,Benioff wants you to get excited for the AI revolution.,2024-12-01T17:10:28Z,"['Prom', 'ARC']"
Former Meta exec says the company's failed crypto project was '100% a political kill' by regulators,https://i.insider.com/674dfdfe9e9761932b4a3460?width=1200&format=jpeg,"David Marcus, who led the Facebook project, reflected on its demise in a social media post titled ""How Libra Was Killed.""",2024-12-02T20:06:03Z,"['DIA', 'ARC']"
A crypto investor just bought the duct-taped banana art for 6 times its estimate,https://i.insider.com/673ea0d2fa0140cdd5649be3?width=1200&format=jpeg,"The buyer, Justin Sun, says he plans to ""personally eat the banana as part of this unique artistic experience"" in the coming days.",2024-11-21T03:54:39Z,"['JUST', 'IQ', 'UNI']"
The Grinch loves knee surgery. That's it. That's the meme.,https://i.insider.com/674e0a2be45a68623a2772cb?width=1200&format=jpeg,An absurd meme about the Grinch is burning up middle schools. It's also inevitably spawned a meme coin. Doesn't make sense? I'll try to explain.,2024-12-02T20:08:31Z,['XPLA']
"Stock market today: S&P 500, Dow end at record as investors shake off tariff fears, digest Fed minutes",https://i.insider.com/674637c69f2901eb60371dd1?width=1200&format=jpeg,Stock markets recovered on Tuesday after Trump's latest tariff plans briefly derailed equities.,2024-11-26T21:21:11Z,['Ark']
Trump said he wants 100% tariffs on some of the countries trying to move away from the dollar. That could hurt the US.,https://i.insider.com/663d02fbb4abc992e8c77b01?width=1200&format=jpeg,"The US can't reduce its trade deficit and increase the global dominance of the dollar at the same time, said an economist.",2024-12-02T08:47:28Z,['Mina']
"Trump's trade plan could mean higher prices, and avoiding the impact won't be simple",https://i.insider.com/67446930fa0140cdd56527fc?width=1156&format=jpeg,"Trump's tariffs, ranging from 20% to 60%, will drive up prices and inflation, leaving consumers with only a few options to prepare.",2024-11-25T12:38:24Z,[]
Coinbase Onramp Now Supports Buying Crypto With Apple Pay,https://images.macrumors.com/t/oGaMh3okIThlxc4JmTw-y6qCBz8=/1800x/article-new/2024/12/coinbase-apple-pay.jpg,"Cryptocurrency platform Coinbase today announced the launch of a new feature designed to let people buy cryptocurrency using Apple Pay.





‌Apple Pay‌ is available for all fiat-to-crypto purchases (aka paper currencies like the U.S. dollar) in Coinbase Onra…",2024-12-02T19:34:03Z,"['Amp', 'Avail', 'Ren', 'RAMP', 'AVA']"
Coinbase Expands Crypto Buying Reach With Apple Pay Integration,https://a.fsdn.com/sd/topics/bitcoin_64.png,"Major cryptocurrency exchange Coinbase has integrated Apple Pay into its Onramp service, enabling third-party apps to offer direct cryptocurrency purchases through Apple's payment system. 

The move significantly streamlines the traditionally complex process …",2024-12-03T04:45:00Z,"['Amp', 'Ren', 'RAMP']"
Crypto Entrepreneur Eats $6 Million Banana on Stage,https://a.fsdn.com/sd/topics/humor_64.png,"Crypto entrepreneur Justin Sun consumed Maurizio Cattelan's ""Comedian"" artwork -- a banana taped to a wall -- during an event in Hong Kong on Friday, declaring ""the real value is the concept itself."" Sun, founder of cryptocurrency platform Tron, purchased the…",2024-11-29T13:23:00Z,"['TRON', 'JUST', 'Comedian', 'DIA', 'Ren']"
Tornado Cash Sanctions Overturned By US Appeals Court,https://a.fsdn.com/sd/topics/bitcoin_64.png,"A U.S. federal appeals court ruled that sanctions against Tornado Cash, a crypto transaction anonymization service, must be abandoned, stating that its immutable smart contracts do not constitute ""property"" under U.S. law and that the Treasury overstepped its…",2024-11-28T00:02:00Z,"['Immutable', 'NYM', 'Tornado Cash']"
Thousands of Palo Alto Networks Firewalls Compromised This Week After Critical Security Hole,https://a.fsdn.com/sd/topics/network_64.png,"Palo Alto Networks boasts 70,000 customers in 150 countries, including 85% of the Fortune 500. 

But this week ""thousands of Palo Alto Networks firewalls were compromised by attackers exploiting two recently patched security bug,"" reports the Register:


The …",2024-11-25T12:34:00Z,"['Prom', 'LTO Network']"
"My husband and I quit our jobs and moved to Finland. This is the perfect place to recover, but my burnout is still raging.",https://i.insider.com/67363b68192f52589858945e?width=1200&format=jpeg,Marija Riba and her husband quit their jobs and moved from London to Finland. She loves her new slower life but is still suffering from burnout.,2024-11-18T10:03:01Z,['Ondo']
This is one thing Marc Andreessen says you shouldn't do at work,https://i.insider.com/6744ac45fa0140cdd56536b4?width=1200&format=jpeg,"Marc Andreessen argues against sharing too many personal details at work. The famous VC says to ""leave your full self at home"" and act like a grownup.",2024-11-25T19:18:02Z,['ARC']
Marc Andreessen talks DOGE and Elon Musk: 'It's time to carve this government back in size and scope',https://i.insider.com/67472c3eede4eeae3929ee77?width=1200&format=jpeg,Marc Andreessen pointed to Elon Musk's text to Twitter's old CEO as an example of how federal workers could be held accountable for their time.,2024-11-27T17:45:22Z,"['Amp', 'CARV', 'ARC']"
Turkey roast and PB&J: Here's Diddy's jailhouse Thanksgiving menu,https://i.insider.com/6744be2a9f2901eb6036b2e1?width=1200&format=jpeg,"Hip-hop mogul Sean ""Diddy"" Combs has been locked up at at a Brooklyn jail since his September arrest on federal sex trafficking charges.",2024-11-28T10:04:01Z,['Kin']
Trump's Treasury Secretary: The best commentary about who the president-elect should nominate,https://i.insider.com/673b502ffa0140cdd563f6fa?width=1200&format=jpeg,"Scott Bessent, Howard Lutnick, Marc Rowan and Kevin Warsh are in the running for Treasury Secretary. Here is some of the best analysis of who Trump might pick.",2024-11-18T17:17:40Z,"['Mina', 'Secret', 'Dent', 'ARC']"
Big Time PvP mode announced for December release following early access,https://venturebeat.com/wp-content/uploads/2021/05/big-4.jpg?w=1024?w=1200&strip=all,"Big Time Studios is adding PvP gameplay to its NFT-based action-RPG title, Big Time, starting on December 2.",2024-11-27T21:31:38Z,"['Big Time', 'Mode']"
Pantera's Morehead Sees Bitcoin Soaring to $740K Amid Policy Shifts and Skeptic Sentiment,https://media.zenfs.com/en/us.finance.gurufocus/51250b22ee473ad261f1e16bd769d06b,"Dan Morehead predicts Bitcoin could hit $740,000, driven by policy shifts and Pantera's growing blockchain investments",2024-11-26T15:09:50Z,['Bitcoin']
'King Bob' from Palm Coast facing additional federal charges in 'phishing scheme',https://media.zenfs.com/en/daytona-beach-news-journal/dbe047b94e73883d4667768cd123b38a,Noah Michael Urban was already facing charges in federal court in Jacksonville. This week he was indicted by a federal grand jury in California.,2024-11-22T14:23:53Z,['Kin']
"XRP Tops $100B Market Cap, Reaches 2018 Levels, as Ripple’s RLUSD Close to Approval",https://s.yimg.com/cv/apiv2/social/images/yahoo_default_logo-1200x1200.png,"The surge brought 7-day gains to 30%, outperforming bitcoin (BTC) and other majors, while 30-day gains stand at nearly 300%, data from CoinGecko show.",2024-12-01T11:20:03Z,"['Bitcoin', 'XRP', 'Ark']"
"WATCH: UGA student scores $800,000 kick on ‘College Gameday’",https://i.abcnewsfe.com/a/d0dd690b-ebbd-4e29-9b4a-4f52854f35cb/241118_gma_potd_field_goal1_hpMain_16x9.jpg?w=992,"Henry Silver won $400,000 for hurricane relief and another $400,000 to split between him and another student when he made a 33-yard field goal during Pat McAfee’s Kicking Contest.",2024-11-18T14:26:01Z,"['Core', 'Dent', 'MAD', 'Kin']"
WATCH: 7-year-old with rare genetic condition rides bike for 1st time,https://i.abcnewsfe.com/a/c43fd11a-f91d-4580-a8c0-607751e1f4d2/241118_gma_digital_2_RaananAlbert_hpMain_9x16.jpg?w=992,Raanan Albert was diagnosed with a rare genetic condition called CLTC-related disorder and began learning to ride a bike during his physical therapy sessions.,2024-11-18T16:43:14Z,['DIA']
This crime shot up 400% — how to protect yourself,https://static.foxnews.com/foxnews.com/content/uploads/2023/04/1-WRITING-CHECK.jpg,"Old-fashioned check fraud is back in style, quintupling over the past year. Here are a few low-tech, practical means of protecting yourself.",2024-12-02T20:31:25Z,[]
Spotify playlists are being hijacked to promote pirated software and scams,https://static.foxnews.com/foxnews.com/content/uploads/2024/11/1-spotify-playlists-are-being-hijacked-to-promote-pirated-software-and-scams-intro.jpg,"Spammers have found a way to target Spotify playlists and podcasts to push pirated software, cheat codes for games and spam links and malware sites.",2024-11-28T15:00:53Z,['Prom']
Judge Rules Decentralized Autonomous Organizations Aren’t So Decentralized in the Eyes of the Law,https://gizmodo.com/app/uploads/2024/11/Bitcoin-price-on-a-computer-screen.jpg,Crypto's libertarian dreams continue to be thwarted by legal realities.,2024-11-19T23:10:33Z,['Ren']
Investors Appear to Think Bluesky Crypto Firm Is the Bluesky Social Network,https://gizmodo.com/app/uploads/2024/11/bluesky-investor-mistake.jpg,The social media platform Bluesky has grown from 12 million to more than 20 million users since the election.,2024-11-20T21:30:22Z,['DIA']
"If You Want a Picture of the Future, Imagine Justin Sun Eating a $6 Million Banana—Forever",https://gizmodo.com/app/uploads/2024/12/BananaDAO.jpg,Ignore the banana and focus on the money.,2024-12-02T19:35:47Z,"['JUST', 'MON']"
Nvidia may have found a new way to bypass GPU export restrictions,https://www.digitaltrends.com/wp-content/uploads/2022/10/12-pin.00_00_27_21.Still007.jpg?resize=1200%2C630&p=1,"Many expected the RTX 5090D to be a cut-down version of the 5090, but it seems that Nvidia may adopt a similar approach to the RTX 30-series.",2024-11-26T13:54:05Z,['DIA']
Everything coming to Netflix in December 2024,https://www.digitaltrends.com/wp-content/uploads/2024/11/squid-game-season-2_5d81ad.jpg?resize=1200%2C630&p=1,"Squid Game season 2, the spy show Black Doves, No Good Deed, and the thriller Carry-On are just some of the series and films coming to Netflix in December 2024.",2024-11-20T18:20:52Z,['JUST']
What the Men of the Internet Are Trying to Prove,https://cdn.theatlantic.com/thumbor/io5sWsMr78NvHwKpI3Z8oCL3HaM=/0x43:2000x1085/1200x625/media/img/mt/2024/11/paul_bros/original.jpg,Jake Paul is an emblem of a generation starving for purpose while gorging on spectacle.,2024-11-20T19:26:57Z,[]
The Trump Marathon,https://cdn.theatlantic.com/thumbor/H8EjJrCsb629GHpVYizOuXsPAZA=/0x75:5616x3000/1200x625/media/img/mt/2024/11/GettyImages_2181862302/original.jpg,"If Americans want to hold Trump accountable in a second term, they must keep their heads when he uses chaos as a strategy.",2024-11-25T23:31:00Z,[]
Trump nominates Bessent to lead US Treasury in flurry of announcements,https://ichef.bbci.co.uk/news/1024/branded_news/05b9/live/e0efc290-a928-11ef-a4fe-a3e9a6c5d640.jpg,"He also announces nominees for labour secretary, housing secretary and surgeon general.",2024-11-23T08:14:24Z,"['Mina', 'Secret']"
Nothing-up-my-sleeve number,https://upload.wikimedia.org/wikipedia/commons/thumb/c/c8/Poker_cheating_20170611.jpg/1200px-Poker_cheating_20170611.jpg,Comments,2024-11-18T13:10:48Z,[]
"Teen serial swatter-for-hire busted, pleads guilty, could face 20 years",https://regmedia.co.uk/2024/11/17/shutterstock_editorial_only_special_weapons_and_tactics_swat_team.jpg,PLUS: Cost of Halliburton hack disclosed; Time to dump old D-Link NAS; More UN cybercrime convention concerns; and more,2024-11-18T00:39:34Z,['Cyber']
"Y Combinator often backs startups that duplicate other YC companies, data shows","https://techcrunch.com/wp-content/uploads/2023/04/yc-ocean.jpg?resize=1200,645","An analysis of all nearly 5,000 companies YC has backed to date reveals a surprising truth: YC startups don’t have to be unique. Far from it.",2024-11-26T08:50:00Z,"['IQ', 'UNI']"
A Walk with LuaJIT,https://cdn.sanity.io/images/u4y7d6w6/production/b71ab78c3af9fd5e431499ed3504c64b20734e29-1024x1024.png,How we scrape callstack information from the LuaJIT engine for profiling,2024-11-19T07:38:13Z,[]
Transparenz und Dezentralität bei Bluesky: Realität oder Illusion?,https://heise.cloudimg.io/bound/1200x1200/q85.png-lossy-85.webp-lossy-85.foil1/_www-heise-de_/imgs/18/4/7/5/2/7/1/3/e4afec19-023e-419a-9bf5-9d4337c6384b-ca05ba8dd053d2d8.webp,"Bluesky zieht Millionen an, doch wachsen Zweifel an Transparenz und Dezentralität. Kritiker hinterfragen die Eigentümerstruktur und langfristige Unabhängigkeit.",2024-11-28T06:55:00Z,['Ren']
EU-Strafverfolger fordern: Datensparsame Messenger-Dienste sanktionieren,https://heise.cloudimg.io/bound/1200x1200/q85.png-lossy-85.webp-lossy-85.foil1/_www-heise-de_/imgs/18/4/7/5/2/9/6/5/shutterstock_1907066239-7b8e1396bf5af303.jpg,"Die ""Going Dark""-Gruppe sieht in ihrem Abschlussbericht besondere Herausforderungen für den ""rechtmäßigen"" Datenzugang durch Signal & Co. und will Vorratsdaten.",2024-11-28T09:14:00Z,"['Ark', 'Ren']"
You can buy Bitcoin with Apple Pay via new Coinbase rollout,https://i0.wp.com/9to5mac.com/wp-content/uploads/sites/6/2021/02/Apple-Bitcoin.jpg?resize=1200%2C628&quality=82&strip=all&ssl=1,"Bitcoin and other cryptocurrencies are getting easier to buy into, as Coinbase is rolling out a new integration today for purchasing crypto via Apple Pay across third-party apps. Here are the details.



 more…",2024-12-02T20:10:06Z,"['Bitcoin', 'Ren']"
5 Questions To Ask at the Thanksgiving Table,https://images.food52.com/IP69rKAr2JLvZLXV2wr26eiCJN4=/fit-in/1200x1200/1ba9a801-8762-4850-90bf-0ee10a89c0d1--2021-1014_thanksgiving-tabletop-with-food_3x2_julia-gartland_118_1-.jpg,"Thanksgiving—like baseball, “the cloud,” and your nephew’s can’t-miss crypto investment—is packed with data. Some of it’s boring—especially the stuff about calories. But many of the stats, facts and figures behind Thanksgiving are, at worst, interesting enoug…",2024-11-25T22:42:24Z,[]
Trump Won the Election: 2 Changes That Could Be Coming to Social Security in the Next 4 Years,https://s.yimg.com/ny/api/res/1.2/YcUAwp_AdRjPAL5y5fLYlQ--/YXBwaWQ9aGlnaGxhbmRlcjt3PTEyMDA7aD02NzU-/https://media.zenfs.com/en/gobankingrates_644/b18ced6e7b17f0f47bbd207c86555daf,"Throughout his long 2024 campaign to retake the White House, President-elect Donald Trump made a number of promises regarding changes to America’s Social...",2024-11-28T14:00:23Z,"['Amp', 'Dent', 'Prom', 'MAD']"
Coinbase Onboard adds Apple Pay for crypto purchases in third-party apps,https://photos5.appleinsider.com/gallery/61926-128207-coinbase-applepay-xl.jpg,"Coinbase has added Apple Pay support to its Onramp payment feature for third-party apps, making it easier for iPhone owners to buy cryptocurrency from their devices.Image credit: CoinbaseCoinbase Onramp is a tool for app developers that helps them enable user…",2024-12-02T21:07:16Z,"['Amp', 'Velo', 'Ren', 'RAMP', 'Kin']"
Ledger Flex Crypto Wallet,https://uncrate.com/p/2024/11/ledger-flex-1-1.jpg,"The Ledger Flex is the latest addition to Ledger's line of hardware crypto wallets for a secure way to manage over 5,500 supported coins and tokens. The Flex uses a clear, crisp E Ink display to review and Clear Sign...",2024-11-22T19:00:00Z,['FLEX']
"Détesté des hackers, l’antivirus Norton est à prix riquiqui au Black Friday",https://www.journaldugeek.com/app/uploads/2024/11/norton-black-friday-offres.jpg,"Vous souhaitez protéger votre ordinateur, votre smartphone ou encore des appareils de votre famille ? Si tel est le cas, vous tombez au bon moment : le Black Friday est toujours l'occasion de faire de très belles affaires sur les logiciels antivirus. Leader m…",2024-11-25T08:31:54Z,"['Core', 'ORDI', 'IQ']"
"Voici Freysa, l'IA à qui vous allez voler 42 000$ de crypto",https://korben.info/swayai-clara-ia-gestion-portefeuille-crypto/manu23_Word_Freysa_in_big_and_centered_bank_vault_in_the_backgr_8912f2e0-014c-4be6-83cf-33d456ef1fe1.webp,"Vous pensiez avoir tout vu en matière d’intelligence artificielle et en cryptomonnaie ? Et bien préparez-vous à découvrir une expérience qui repousse encore un peu plus les limites du n’importe quoi.
Il s’agit d’un chatbot IA, accessible ici, qui contrôle un …",2024-11-28T17:49:54Z,"['Core', 'MON']"
Un MacBook historique entre au Smithsonian après un braquage de Bitcoin,https://korben.info/macbook-historique-smithsonian-braquage-bitcoin-razzlekhan/manu23_Bitcoin_in_the_Smithsonian_museum_8a88b0cf-cf97-4bde-991a-27470be92216-copie.webp,"Installez-vous confortablement avec un bon petit café ou votre petit thé préféré, car ce soir, je vais vous raconter une histoire digne d’un film hollywoodien.
Le héro de cette histoire est un simple MacBook Pro qui vient de faire son entrée au prestigieux mu…",2024-11-20T20:57:08Z,"['Bitcoin', 'WOO', 'IQ', 'Forta']"
Ne tombez plus dans le piège du Pig Butchering,https://korben.info/alerte-arnaque-pig-butchering-conseil-protection/manu23_Pig_Butchering_Scam_porky_pig_looney_tunes_990a4e07-ff33-4f40-a07b-34026cbc4ec2.webp,"Vous avez peut-être reçu récemment un SMS d’une mystérieuse Sophie qui s’est trompée de numéro ? Ou bien un message sur WhatsApp d’un prétendu recruteur qui a repéré votre profil ? Attention, vous êtes probablement la cible d’une arnaque redoutable appelée Pi…",2024-11-21T19:55:03Z,[]
Comment sécuriser son WiFi à la maison ? + Promo Surfshark Black Friday,https://korben.info/securiser-son-wifi-avec-surfshark/manu23_A_rural_sector_with_Wifi_data_flowing_in_the_air_3ed45690-d334-4e5d-b400-a495acd7c584.webp,"– Article en partenariat avec Surfshark –

Salut les bidouilleurs ! Aujourd’hui, on va parler d’un truc super important, mais encore trop souvent négligé : la sécurité de ton réseau WiFi à la maison. Avec tous les objets connectés que nous avons presque tous…",2024-11-18T08:20:50Z,"['Core', 'Ark', 'Prom']"
Google OSS-Fuzz - L'IA qui traque les bugs de sécurité,https://korben.info/google-oss-fuzz-ia-detection-bugs-automatique/manu23_wallpaper_AI_cybersecurity_researcher_by_Google_0f9a09d7-bf9e-4911-885e-8dd3e9653fcf.webp,"La sécurité informatique ressemble parfois à une partie de cache-cache géante entre les développeurs et les bugs, et forcement comme l’erreur est humaine, certains bugs de sécurité, peuvent rester longtemps cachés.
Heureusement, Google vient de sortir l’artil…",2024-11-20T18:33:29Z,"['UMA', 'IQ', 'Velo']"
Case Study: ChainGPT Labs,https://codrops-1f606.kxcdn.com/codrops/wp-content/uploads/2024/11/labs_featured.jpg?x88973,"A look behind the ChainGPT Labs, ChainGPT's new venture capital and incubator for the next generation of web3 startups. Designed by Sigma Software Design team, and compiled into an insight-packed case study by Sigma's designer, Ilya Kostin.",2024-11-19T12:39:55Z,"['ChainGPT', 'SIGMA']"
Crypto : pourquoi le cours de l’XRP explose tout à coup,https://www.presse-citron.net/app/uploads/2024/12/xrp-ripple-hausse-cours.jpg,"L'XRP, la cryptomonnaie native de Ripple, connaît une ascension fulgurante sur les marchés avec une progression spectaculaire de 55% en une semaine, propulsant son cours à 2,28 dollars.",2024-12-02T13:27:30Z,"['XRP', 'ARC', 'MON']"
"Bluesky : attention, les arnaques explosent suite au succès du réseau social",https://www.presse-citron.net/app/uploads/2024/10/bluesky-logo.jpg,La escroqueries se déploient en force sur la plateforme.,2024-11-22T07:25:32Z,['Sui']
At the Money: Matt Hougan on Responsible Crypto Investing,https://ritholtz.com/wp-content/uploads/2024/04/At-the-Money.jpg,"﻿     At the Money: Crypto Curious. November 26, 2024 Are you crypto-curious? Are you interested in owning some bitcoin, Ethereum, or other crypto-coins? How can investors get exposure to the space? Full transcript below. ~~~ About this week’s guest: Matt Hou…",2024-11-26T14:00:42Z,"['Bitcoin', 'Ethereum', 'MON']"
"Buy This Aston Martin Vanquish Zagato Shooting Brake, Or You'll Never Know True Happiness","https://i.kinja-img.com/image/upload/c_fill,h_675,pg_1,q_80,w_1200/034d0b0506d0beb22b117a994ef8a60b.png","Most cars are little more than practical transportation that gets people from point A to point B. Far fewer cars could be considered rolling works of art, and only a handful combine the two into rolling art that’s also practical enough that you could conceiva…",2024-11-18T18:15:00Z,[]
A Guide to Awkward Holiday Conversations,https://ritholtz.com/wp-content/uploads/2024/11/NVDIA.png,"Callie Cox is the Chief Market Strategist at RWM. She regularly posts at Optimistic Callie. (Subscribe, its great and free!) This is her first post here, and it’s perfect for the holiday weekend. Enjoy! Hey hey, happy holiday-shortened week! I don’t know abou…",2024-11-28T16:00:16Z,['Ark']
Transcript: Corey Hoffstein on Return Stacking,https://ritholtz.com/wp-content/uploads/2023/02/Mib-tile.png,"The transcript from this week’s, MiB: Corey Hoffstein on Return Stacking, is below. You can stream and download our full conversation, including any podcast extras, on Apple Podcasts, Spotify, YouTube, and Bloomberg. All of our earlier podcasts on your favori…",2024-11-25T13:30:36Z,"['Core', 'Kin']"
"Unboxing: The User-Friendly Yet Secure Crypto Wallet, Ledger Stax",https://image-cdn.hypb.st/https%3A%2F%2Fhypebeast.com%2Fimage%2F2024%2F11%2F07%2Fledger-stax-crypto-wallet-unboxing-video-tw.jpg?w=1080&cbr=1&q=90&fit=max,"The latest generation of Ledger’s digital asset security has been centered around the release of the innovative Ledger Stax and Ledger Flex. Of the two wallet-style devices, the Ledger Stax model – revealed first in 2022 – has pioneered the brand’s secure tec…",2024-11-28T14:48:12Z,"['FLEX', 'Mode']"
"Ledger, the Digital Asset Security Brand, Introduces New Line of Touchscreen Crypto Wallets",https://image-cdn.hypb.st/https%3A%2F%2Fhypebeast.com%2Fimage%2F2024%2F10%2F03%2Fledger-stax-flex-crypto-wallet-release-info-0tw.jpg?w=1080&cbr=1&q=90&fit=max,"When it comes to digital asset security, Ledger has been an unfaltering leader in the world of cryptocurrency and blockchain technology. Digital assets are becoming increasingly prevalent in our everyday lives, and now more than ever, it’s crucial to have a s…",2024-11-21T14:42:54Z,"['ECOMI', 'Ren']"
Everything Coming To and Leaving Netflix in December 2024,https://image-cdn.hypb.st/https%3A%2F%2Fhypebeast.com%2Fimage%2F2024%2F11%2F20%2Fnew-netflix-movies-films-tv-shows-december-2024-tw.jpg?w=1080&cbr=1&q=90&fit=max,"With November coming to an end, Netflix has unveiled its slate of new programming for December 2024.The final month of the year will see the release of the highly-anticipated Squid Game season two, the documentary Avicii - I'm Tim, A Nonsense Christmas with S…",2024-11-21T07:01:03Z,['MON']
Quand les grands noms de la Silicon Valley s’invitent dans l’administration Trump,https://www.presse-citron.net/app/uploads/2024/11/donald-trump-2.jpg,L’effet Elon Musk…,2024-11-27T06:00:09Z,['ICON']
"Google Stadia would’ve been 5 years old today, and I still miss it",https://www.androidauthority.com/wp-content/uploads/2020/05/Google-Stadia-controller-on-table-macro.jpg,"It's been five years since Google Stadia launched, and while I cherish the memories, the world has moved on from cloud gaming.",2024-11-19T17:00:19Z,['DIA']
"Notion AI is a productivity booster, but it’s not for me",https://www.androidauthority.com/wp-content/uploads/2024/11/notion-on-the-phone-scaled.jpg,"Planning, summarizing, and brainstorming — Notion AI can be the ultimate productivity enhancer. But is it worth the subscription?",2024-11-26T14:33:59Z,['Ultima']
Elon Musk and the age of shameless oligarchy,https://platform.vox.com/wp-content/uploads/sites/2/2024/11/GettyImages-2185190580.jpg?quality=90&strip=all&crop=0%2C10.732984293194%2C100%2C78.534031413613&w=1200,"President-elect Donald Trump and Elon Musk have become an inseparable duo. Since Trump’s reelection, the richest man in the world — and one of Trump’s top campaign donors — has been a shadow trailing him at his Florida residence. The tech billionaire has take…",2024-11-22T19:40:01Z,"['Amp', 'Dent', 'ARC']"
"The US-led crypto rally is leaving its mark in Asia as Bhutan's BTC holdings reached $1.1B, 36% of its GDP, increased trading activity in South Korea, and more (Bloomberg)",https://assets.bwbx.io/images/users/iqjWHBFdfxIU/iu1VkyIbIKDg/v0/1200x800.jpg,"Bloomberg:
The US-led crypto rally is leaving its mark in Asia as Bhutan's BTC holdings reached $1.1B, 36% of its GDP, increased trading activity in South Korea, and more  —  - Bhutan's Bitcoin holdings are now equivalent to 36% of GDP  — South Korean crypto …",2024-11-20T06:40:00Z,"['Bitcoin', 'Ark']"
"XMLRPC npm Library Turns Malicious, Steals Data, Deploys Crypto Miner",https://blogger.googleusercontent.com/img/b/R29vZ2xl/AVvXsEgazBLQRVDnI_M15Ojsym2zwzxW84l7OUzCX2Xxs1un10J_YMIq7ei7etcSZ9cyu9Mle78BUSf0k9bmTHZo6QOrEmZA9UOUeGvWHyvourzTZ-4c4wNxmesiszozQP5782Tcwl5SHRzwxtyZ5-zduSlUMzcBOiwe47sM8jHf7biLwUV9V8SIQUV_DCzv0_vs/s728-rw-e365/pipy.png,Cybersecurity researchers have discovered a software supply chain attack that has remained active for over a year on the npm package registry by starting off as an innocuous library and later adding malicious code to steal sensitive data and mine cryptocurren…,2024-11-28T10:48:00Z,"['Cyber', 'Ren', 'ARC']"
Marktbericht: Anleger werden bei DAX und Bitcoin mutiger,https://images.tagesschau.de/image/f9b130e2-36b7-485a-8739-09357da74f54/AAABjvXy1Gg/AAABkZLhkrw/16x9-1280/bitcoin-192.jpg,"Im DAX dürften die Anleger zum Wochenschluss bei Aktien erneut zugreifen. Spannend bleibt, ob Bitcoin noch vor dem Wochenende die 100.000-Dollar-Marke knackt.",2024-11-22T06:41:17Z,"['Bitcoin', 'Ark']"
KI macht auch vor Musikdiensten nicht Halt,https://stadt-bremerhaven.de/wp-content/uploads/2024/11/baer-ki.jpg,"Erst staunten viele Nutzer über die Fähigkeiten von KI beim Text. Schaut man sich in den Medien um, dann findet man sie schon recht häufig vor, echte Redakteure können so eingespart werden. Auch Bild und Ton sind mittlerweile kein Thema...Zum Beitrag: KI mach…",2024-12-01T10:00:01Z,[]
Now you can buy crypto from Coinbase using Apple Pay,"https://i.kinja-img.com/image/upload/c_fill,h_675,pg_1,q_80,w_1200/6d8cd8f40a36bfe886183241a8330cd8.jpg","New features will allow users to buy cryptocurrencies like Bitcoin, Ether Dogecoin, and others on the crypto exchange using Apple Pay",2024-12-02T18:58:00Z,"['Bitcoin', 'Dogecoin', 'Ren']"
How to invest in Bitcoin and crypto — without actually buying it,"https://i.kinja-img.com/image/upload/c_fill,h_675,pg_1,q_80,w_1200/c020600766228d9cc13b8f52d334b889.jpg","Bitcoin has surged to a new high of $94,000, bringing the long-anticipated milestone of $100,000 tantalizingly within reach. This significant price jump, following Trump’s election victory, has reignited enthusiasm among investors who had previously been hesi…",2024-11-25T10:00:00Z,"['Bitcoin', 'MON']"
Justin Sun’s journey from buying a $6.2 million banana to Trump’s blockchain project,"https://i.kinja-img.com/image/upload/c_fill,h_675,pg_1,q_80,w_1200/fbb95e0629a5ca96dff9983b904d2562.jpg","First came the $4.57 million lunch with Warren Buffett. Then the self-appointed role as prime minister of a micro-nation. Now, blockchain baron Justin Sun has found his next conversation piece: a $6.2 million banana secured to a wall with duct tape, paired wi…",2024-11-27T16:55:00Z,"['JUST', 'Ren']"
Dogecoin is a joke. Let's talk about the cryptocurrency's rally — fueled by Elon Musk and Donald Trump,"https://i.kinja-img.com/image/upload/c_fill,h_675,pg_1,q_80,w_1200/7ea4d03b85b43bcdce4ae64989512e97.jpg","It's not the first time that Musk, who styles himself ""the Dogefather,"" has fueled interest in dogecoin",2024-11-26T15:50:00Z,"['Dogecoin', 'Ren']"
"Bitcoin falls back below $93,000 as the crypto market's Trump rally goes backwards","https://i.kinja-img.com/image/upload/c_fill,h_675,pg_1,q_80,w_1200/8c49c85b93aa4a32d3bf9fa96ba240a9.jpg","Bitcoin’s price fell back below $93,000 as the leading cryptocurrency reversed course on some recent gains following Donald Trump’s election win.Read more...",2024-11-26T12:56:00Z,"['Bitcoin', 'Ark', 'Ren']"
Dow futures jump 300 points and the dollar falls after Trump picks Scott Bessent as Treasury Secretary,"https://i.kinja-img.com/image/upload/c_fill,h_675,pg_1,q_80,w_1200/0595b3633e12758b8e4006e8049a91a6.jpg",The Dow climbed and the dollar weakened early Monday following the news that President-elect Donald Trump has tapped Wall Street’s Scott Bessent to be his next Treasury Secretary.Read more...,2024-11-25T12:45:56Z,"['Secret', 'Dent', 'MON']"
A crypto guru spent $6.2 million on a banana taped to a wall,"https://i.kinja-img.com/image/upload/c_fill,h_675,pg_1,q_80,w_1200/8442bcebdb9061292f6229ecaceb385c.jpg","Contemporary artist Maurizio Cattelan’s “Comedian” – a banana duct-taped to the wall, exactly 160 centimeters from the floor – sold for $6.2 million at a Sotheby’s auction this week, in the latest iteration of a saga that first captured the art world in 2019.…",2024-11-21T17:27:00Z,"['Saga', 'Comedian', 'DIA']"
"Stock market risks, Bitcoin breaks through, and Trump Media's crypto play: Markets news roundup","https://i.kinja-img.com/image/upload/c_fill,h_675,pg_1,q_80,w_1200/f6e9b72bf26b28afb4ce13590c412205.jpg","Mortgage rates are back up to almost 7% in a reversal of some of the declines in recent months, pointing to growing concerns about future inflation.Read more...",2024-11-23T14:00:00Z,"['Bitcoin', 'Ark', 'DIA', 'MON']"
Trump Media in advanced talks to buy cryptocurrency trading platform,"https://i.kinja-img.com/image/upload/c_fill,h_675,pg_1,q_80,w_1200/95c1d1caa7177cc8933dd1ea5dc1ad83.jpg","President-elect Donald Trump’s social media company is reportedly in advanced negotiations to acquire the cryptocurrency trading platform Bakkt, according to a report by the Financial Times on Monday late afternoon. The publication cited two individuals famil…",2024-11-18T21:55:00Z,"['ORDI', 'Dent', 'DIA', 'Ren', 'MON']"
You can make crypto cash without actually buying or selling it. Here's how,"https://i.kinja-img.com/image/upload/c_fill,h_675,pg_1,q_80,w_1200/21216b4e9d998690a33858235e380fae.jpg","Cryptocurrency investment has become an increasingly popular avenue for generating income and building long-term financial security. However, earning through cryptocurrencies doesn’t always require active buying and selling. In fact, there are several indirec…",2024-11-21T10:00:00Z,['Ren']
Trump's Commerce secretary pick is getting closer to a crypto firm being investigated by the feds,"https://i.kinja-img.com/image/upload/c_fill,h_675,pg_1,q_80,w_1200/30b99d413f10cb3a5ea327200fc03159.jpg","President-elect Donald Trump’s pick to lead the Commerce Department is moving to deepen the ties between his company and the firm behind the world’s largest stablecoin, Tether. Read more...",2024-11-25T15:34:18Z,"['Secret', 'Dent']"
"Bitcoin smashes $98,000 mark—$100K now within easy reach","https://i.kinja-img.com/image/upload/c_fill,h_675,pg_1,q_80,w_1200/e96a8b3918300743a1715a0b754327ec.jpg","Bitcoin’s rally shows no signs of slowing, with the leading cryptocurrency surging past the $98,000 mark to hit a new all-time high. According to data from the crypto tracking platform CoinGecko, Bitcoin reached $98,310 on Thursday, setting a historic milesto…",2024-11-21T14:40:00Z,"['Bitcoin', 'ORDI', 'Ark', 'Ren', 'Kin']"
Trump picks investment executive Scott Bessent for Treasury Secretary,"https://i.kinja-img.com/image/upload/c_fill,h_675,pg_1,q_80,w_1200/89b88119ae2f22e59609d82c5db3409c.jpg","President-elect Donald Trump has tapped former Soros Fund Management chief investment officer Scott Bessent as his next Treasury Secretary, according to multiple reports.Read more...",2024-11-22T23:53:46Z,"['ORDI', 'Secret', 'Dent']"
"Bitcoin, Ether, XRP, and others: Cryptocurrencies to watch this week","https://i.kinja-img.com/image/upload/c_fill,h_675,pg_1,q_80,w_1200/2bed3eab851981fc5adbf784bb2f5d75.jpg","This week, all eyes are on two major events: the highly anticipated Black Friday sales and Bitcoin’s potential breakthrough to the $100,000 milestone. The leading cryptocurrency is hovering tantalizingly close to the six-figure mark, sparking widespread specu…",2024-11-25T14:45:00Z,"['Bitcoin', 'XRP', 'Ark', 'Ren', 'Kin', 'SIX']"
"Bitcoin breaks through $94,000 for the first time — and it's getting less volatile","https://i.kinja-img.com/image/upload/c_fill,h_675,pg_1,q_80,w_1200/27b706844dd1ff79c204dd18243ba840.jpg","Bitcoin passed $94,000 for the first time, following reports that President-elect Donald Trump’s media company could be close to buying a cryptocurrency trading platform.Read more...",2024-11-20T14:14:34Z,"['Bitcoin', 'Dent', 'DIA', 'Ren']"
The most expensive paintings ever sold,"https://i.kinja-img.com/image/upload/c_fill,h_675,pg_1,q_80,w_1200/b133e72c074ef466dd18affdd0eea1cb.jpg","Despite some concerns of a flagging market, November’s art week had a relatively strong start – with several marquee pieces selling for above their estimated values.Read more...",2024-11-22T10:00:00Z,"['TRON', 'Ark']"
"Drug cartels use cryptocurrency Tether to launder money, court documents reveal","https://i.kinja-img.com/image/upload/c_fill,h_675,pg_1,q_80,w_1200/1a989f2b26e8d4ea8644c0804f29a15a.jpg","Tether (USDT), currently the third-largest cryptocurrency by market capitalization, has been under intense scrutiny for several months due to federal investigations into its alleged role in facilitating cross-border money laundering. Now, a recent report by 4…",2024-11-25T19:10:00Z,"['Ark', 'Ren', 'MON']"
The Dow jumped more than 500 points after Nvidia’s big earnings,"https://i.kinja-img.com/image/upload/c_fill,h_675,pg_1,q_80,w_1200/04ec18d7afb4bd98af2c44152db30ee5.jpg","The Dow surged by over 570 points Thursday afternoon, buoyed by strong earnings from Nvidia (NVDA), which briefly hit a 52-week high of $152.89 per share earlier in the day. Meanwhile, shares of Super Micro Computer (SMCI) rose over 14% after Nvidia mentioned…",2024-11-21T18:42:00Z,"['TRON', 'DIA']"
"Bitcoin nears $100,000 as inflows boost Bitcoin ETFs","https://i.kinja-img.com/image/upload/c_fill,h_675,pg_1,q_80,w_1200/07d4363d3516471c8895c14605b4da57.jpg","Bitcoin came within striking distance of the historic $100,000 mark, reaching $99,645 on November 22. However, the cryptocurrency has since shown signs of hesitation, struggling to push past this milestone. Read more...",2024-12-02T18:52:00Z,"['Bitcoin', 'Flow', 'Ark', 'Ren', 'Kin']"
MicroStrategy Is Halfway Through Share Sales to Buy Bitcoin,https://s.yimg.com/ny/api/res/1.2/7xoYKDqFirQl1Cj2Si.6Jg--/YXBwaWQ9aGlnaGxhbmRlcjt3PTEyMDA7aD04MDA-/https://media.zenfs.com/en/bloomberg_technology_68/0fe2a454e91ed2fad59638ab2555b88c,"(Bloomberg) -- Just over a month after announcing plans to raise $21 billion through stock sales to help fund additional purchases of Bitcoin, MicroStrategy ...",2024-12-02T18:57:44Z,"['Bitcoin', 'JUST', 'MON']"
"After Nvidia earnings, is the AI trend still investors’ friend?",https://s.yimg.com/ny/api/res/1.2/RfFEv3uCzWr5eLd65o_meQ--/YXBwaWQ9aGlnaGxhbmRlcjt3PTEyMDA7aD04MDA-/https://s.yimg.com/os/creatr-uploaded-images/2024-08/d5abddc0-6b79-11ef-afef-884f4c5e5de3,"When it comes to investing, AI is very much about the potential. Recent earnings illustrate why.",2024-11-24T15:00:35Z,"['DIA', 'WHY', 'Ren']"
"Bitcoin nears $100,000 as investors bet on crypto-friendly Trump policies",https://www.aljazeera.com/wp-content/uploads/2024/11/AP24326293439304-1732238394.jpg?resize=1920%2C1440,"World's popular digital currency rises as high as $99,073 on expectations Trump will ease legal and regulatory hurdles.",2024-11-22T02:45:09Z,"['Bitcoin', 'Ren']"
US SEC chair Gensler to step down upon Trump takeover,https://www.aljazeera.com/wp-content/uploads/2023/01/AP21257561136545.jpg?resize=1920%2C1440,US President-elect Donald Trump had said he would remove Gary Gensler as Securities and Exchange Commission chair.,2024-11-21T19:33:55Z,['Dent']
"BITCOIN FLIRTS WITH $100,000...",https://media.zenfs.com/en/bloomberg_markets_842/179b65da1592737953c018131c86d724,"(Bloomberg) -- Bitcoin flirted with a run toward the landmark $100,000 level, buoyed by expectations of friendly US regulations and expanding investor...",2024-11-22T12:28:37Z,"['Bitcoin', 'Ark']"
